"JID","knowledge","phase","JID_phase","visit_number_passive","visit_number_HK","visit_number_LK","degree","strength","mean_strength","knowledge_phase","obs","visit_number_passive_z","visit_number_HK_z"
"J1001","naive","pre_knowledge","J1001 pre_knowledge",70,0,20,32,0.916109158403565,0.0286284112001114,"naive_pre_knowledge","1",-0.0149668350849864,-0.285196987781901
"J1046","knowledgeable","pre_knowledge","J1046 pre_knowledge",216,0,27,31,1.15255097606329,0.0371790637439771,"knowledgeable_pre_knowledge","2",1.75151253526059,-0.285196987781901
"J1057","naive","pre_knowledge","J1057 pre_knowledge",2,0,NA,6,1.56544566544567,0.260907610907611,"naive_pre_knowledge","3",-0.837710651410325,-0.285196987781901
"J1076","naive","pre_knowledge","J1076 pre_knowledge",5,0,1,2,0.0658648339060711,0.0329324169530356,"naive_pre_knowledge","4",-0.801413130101854,-0.285196987781901
"J1093","naive","pre_knowledge","J1093 pre_knowledge",21,0,106,1,0.0120481927710843,0.0120481927710843,"naive_pre_knowledge","5",-0.60782634979001,-0.285196987781901
"J1096","naive","pre_knowledge","J1096 pre_knowledge",113,0,39,57,1.29134196485383,0.0226551221904181,"naive_pre_knowledge","6",0.505297637003095,-0.285196987781901
"J1154","naive","pre_knowledge","J1154 pre_knowledge",81,0,22,35,1.22816454321175,0.0350904155203356,"naive_pre_knowledge","7",0.118124076379407,-0.285196987781901
"J1266","naive","pre_knowledge","J1266 pre_knowledge",21,0,3,22,0.78500052146403,0.0356818418847286,"naive_pre_knowledge","8",-0.60782634979001,-0.285196987781901
"J1317","naive","pre_knowledge","J1317 pre_knowledge",43,0,65,13,0.308366959364012,0.0237205353356932,"naive_pre_knowledge","9",-0.341644526861224,-0.285196987781901
"J1345","naive","pre_knowledge","J1345 pre_knowledge",46,0,25,24,1.28465583039401,0.0535273262664169,"naive_pre_knowledge","10",-0.305347005552753,-0.285196987781901
"J1351","naive","pre_knowledge","J1351 pre_knowledge",160,0,70,71,1.41281813055893,0.0198988469092807,"naive_pre_knowledge","11",1.07395880416914,-0.285196987781901
"J1458","naive","pre_knowledge","J1458 pre_knowledge",13,0,19,4,0.257539682539683,0.0643849206349206,"naive_pre_knowledge","12",-0.704619739945932,-0.285196987781901
"J1480","knowledgeable","pre_knowledge","J1480 pre_knowledge",24,0,27,16,0.844390115265674,0.0527743822041046,"knowledgeable_pre_knowledge","13",-0.571528828481539,-0.285196987781901
"J1529","knowledgeable","pre_knowledge","J1529 pre_knowledge",320,0,113,60,1.48166532278963,0.0246944220464939,"knowledgeable_pre_knowledge","14",3.00982660728758,-0.285196987781901
"J1556","knowledgeable","pre_knowledge","J1556 pre_knowledge",10,0,NA,6,0.344152148664344,0.0573586914440573,"knowledgeable_pre_knowledge","15",-0.740917261254403,-0.285196987781901
"J1618","naive","pre_knowledge","J1618 pre_knowledge",67,0,9,26,0.587041477262319,0.0225785183562431,"naive_pre_knowledge","16",-0.0512643563934572,-0.285196987781901
"J1623","naive","pre_knowledge","J1623 pre_knowledge",48,0,15,29,1.01066491200538,0.034850514207082,"naive_pre_knowledge","17",-0.281148658013772,-0.285196987781901
"J1627","knowledgeable","pre_knowledge","J1627 pre_knowledge",61,0,9,43,1.08712042775536,0.0252818704129153,"knowledgeable_pre_knowledge","18",-0.123859399010399,-0.285196987781901
"J1631","knowledgeable","pre_knowledge","J1631 pre_knowledge",160,0,6,63,1.28719234442583,0.0204316245146957,"knowledgeable_pre_knowledge","19",1.07395880416914,-0.285196987781901
"J164","naive","pre_knowledge","J164 pre_knowledge",33,0,1,17,0.502221538621937,0.0295424434483492,"naive_pre_knowledge","20",-0.462636264556127,-0.285196987781901
"J1735","naive","pre_knowledge","J1735 pre_knowledge",191,0,40,53,0.893293761975006,0.0168545992825473,"naive_pre_knowledge","21",1.44903319102334,-0.285196987781901
"J1902","naive","pre_knowledge","J1902 pre_knowledge",108,0,6,29,0.857021854796874,0.0295524777516163,"naive_pre_knowledge","22",0.444801768155644,-0.285196987781901
"J1916","naive","pre_knowledge","J1916 pre_knowledge",40,0,82,7,0.393253968253968,0.0561791383219954,"naive_pre_knowledge","23",-0.377942048169695,-0.285196987781901
"J1962","naive","pre_knowledge","J1962 pre_knowledge",63,0,41,18,0.900792437888951,0.050044024327164,"naive_pre_knowledge","24",-0.0996610514714183,-0.285196987781901
"J1964","naive","pre_knowledge","J1964 pre_knowledge",254,0,1,61,1.13163648292436,0.0185514177528583,"naive_pre_knowledge","25",2.21128113850122,-0.285196987781901
"J1973","naive","pre_knowledge","J1973 pre_knowledge",28,0,145,6,0.442324750412986,0.0737207917354976,"naive_pre_knowledge","26",-0.523132133403578,-0.285196987781901
"J2039","naive","pre_knowledge","J2039 pre_knowledge",21,0,16,16,0.356012308878221,0.0222507693048888,"naive_pre_knowledge","27",-0.60782634979001,-0.285196987781901
"J2124","naive","pre_knowledge","J2124 pre_knowledge",100,0,21,28,0.743823989214256,0.0265651424719377,"naive_pre_knowledge","28",0.348008377999722,-0.285196987781901
"J2128","knowledgeable","pre_knowledge","J2128 pre_knowledge",70,0,91,13,0.667039764301749,0.0513107511001345,"knowledgeable_pre_knowledge","29",-0.0149668350849864,-0.285196987781901
"J2168","naive","pre_knowledge","J2168 pre_knowledge",88,0,93,42,1.56036227407345,0.0371514827160344,"naive_pre_knowledge","30",0.202818292765839,-0.285196987781901
"J2196","naive","pre_knowledge","J2196 pre_knowledge",91,0,19,49,1.04722986241639,0.0213720380084978,"naive_pre_knowledge","31",0.239115814074309,-0.285196987781901
"J2375","naive","pre_knowledge","J2375 pre_knowledge",368,0,14,50,1.2036058713472,0.0240721174269439,"naive_pre_knowledge","32",3.59058694822312,-0.285196987781901
"J2377","naive","pre_knowledge","J2377 pre_knowledge",2,0,NA,3,0.118629032258064,0.0395430107526882,"naive_pre_knowledge","33",-0.837710651410325,-0.285196987781901
"J2392","naive","pre_knowledge","J2392 pre_knowledge",199,0,3,32,1.07297890266728,0.0335305907083523,"naive_pre_knowledge","34",1.54582658117926,-0.285196987781901
"J2415","naive","pre_knowledge","J2415 pre_knowledge",6,0,4,4,0.158969885175225,0.0397424712938063,"naive_pre_knowledge","35",-0.789313956332364,-0.285196987781901
"J2488","naive","pre_knowledge","J2488 pre_knowledge",4,0,NA,5,0.402536899471316,0.0805073798942632,"naive_pre_knowledge","36",-0.813512303871345,-0.285196987781901
"J2563","naive","pre_knowledge","J2563 pre_knowledge",22,0,14,19,0.826614414915333,0.0435060218376491,"naive_pre_knowledge","37",-0.59572717602052,-0.285196987781901
"J2572","naive","pre_knowledge","J2572 pre_knowledge",19,0,NA,17,0.758993762433471,0.0446466919078512,"naive_pre_knowledge","38",-0.63202469732899,-0.285196987781901
"J2621","naive","pre_knowledge","J2621 pre_knowledge",5,0,9,0,0,NA,"naive_pre_knowledge","39",-0.801413130101854,-0.285196987781901
"J2661","naive","pre_knowledge","J2661 pre_knowledge",58,0,29,18,0.838881659115107,0.0466045366175059,"naive_pre_knowledge","40",-0.16015692031887,-0.285196987781901
"J2728","naive","pre_knowledge","J2728 pre_knowledge",37,0,1,21,0.595166003040815,0.0283412382400388,"naive_pre_knowledge","41",-0.414239569478165,-0.285196987781901
"J2801","naive","pre_knowledge","J2801 pre_knowledge",382,0,13,51,1.29334729839737,0.0253597509489679,"naive_pre_knowledge","42",3.75997538099598,-0.285196987781901
"J2941","naive","pre_knowledge","J2941 pre_knowledge",34,0,150,2,0.0452380952380952,0.0226190476190476,"naive_pre_knowledge","43",-0.450537090786636,-0.285196987781901
"J295","naive","pre_knowledge","J295 pre_knowledge",11,0,3,9,0.127406867819863,0.0141563186466515,"naive_pre_knowledge","44",-0.728818087484913,-0.285196987781901
"J2969","naive","pre_knowledge","J2969 pre_knowledge",101,0,38,19,0.459652908902744,0.0241922583633023,"naive_pre_knowledge","45",0.360107551769212,-0.285196987781901
"J3096","naive","pre_knowledge","J3096 pre_knowledge",360,0,NA,38,1.09490488596769,0.0288132864728339,"naive_pre_knowledge","46",3.49379355806719,-0.285196987781901
"J3305","naive","pre_knowledge","J3305 pre_knowledge",10,0,94,5,0.219500702327715,0.0439001404655429,"naive_pre_knowledge","47",-0.740917261254403,-0.285196987781901
"J3369","naive","pre_knowledge","J3369 pre_knowledge",363,0,2,80,1.47189617794382,0.0183987022242978,"naive_pre_knowledge","48",3.53009107937566,-0.285196987781901
"J3383","naive","pre_knowledge","J3383 pre_knowledge",31,0,7,36,1.14883125895454,0.0319119794154038,"naive_pre_knowledge","49",-0.486834612095107,-0.285196987781901
"J3492","naive","pre_knowledge","J3492 pre_knowledge",54,0,NA,17,0.657986775531195,0.0387051044430115,"naive_pre_knowledge","50",-0.208553615396831,-0.285196987781901
"J3508","naive","pre_knowledge","J3508 pre_knowledge",86,0,98,28,0.788211869023025,0.0281504238936795,"naive_pre_knowledge","51",0.178619945226858,-0.285196987781901
"J3549","naive","pre_knowledge","J3549 pre_knowledge",21,0,6,11,0.413864061658869,0.0376240056053517,"naive_pre_knowledge","52",-0.60782634979001,-0.285196987781901
"J3610","naive","pre_knowledge","J3610 pre_knowledge",169,0,NA,27,1.03212349537221,0.0382267961248966,"naive_pre_knowledge","53",1.18285136809455,-0.285196987781901
"J3679","naive","pre_knowledge","J3679 pre_knowledge",54,0,NA,35,1.25379405494183,0.0358226872840523,"naive_pre_knowledge","54",-0.208553615396831,-0.285196987781901
"J3702","naive","pre_knowledge","J3702 pre_knowledge",42,0,46,28,1.2230272108335,0.0436795432440535,"naive_pre_knowledge","55",-0.353743700630714,-0.285196987781901
"J3714","naive","pre_knowledge","J3714 pre_knowledge",233,0,36,28,0.645789134125247,0.0230638976473303,"naive_pre_knowledge","56",1.95719848934193,-0.285196987781901
"J3715","naive","pre_knowledge","J3715 pre_knowledge",54,0,3,20,0.96097499509573,0.0480487497547865,"naive_pre_knowledge","57",-0.208553615396831,-0.285196987781901
"J3716","naive","pre_knowledge","J3716 pre_knowledge",49,0,36,27,1.2038247459049,0.0445861017001814,"naive_pre_knowledge","58",-0.269049484244282,-0.285196987781901
"J3718","naive","pre_knowledge","J3718 pre_knowledge",10,0,3,11,0.976807755948622,0.0888007050862384,"naive_pre_knowledge","59",-0.740917261254403,-0.285196987781901
"J3749","naive","pre_knowledge","J3749 pre_knowledge",4,0,4,4,0.0479138737644627,0.0119784684411157,"naive_pre_knowledge","60",-0.813512303871345,-0.285196987781901
"J3753","naive","pre_knowledge","J3753 pre_knowledge",25,0,32,15,0.854804411595144,0.0569869607730096,"naive_pre_knowledge","61",-0.559429654712049,-0.285196987781901
"J3759","knowledgeable","pre_knowledge","J3759 pre_knowledge",55,0,NA,38,0.978625240712685,0.0257532958082285,"knowledgeable_pre_knowledge","62",-0.196454441627341,-0.285196987781901
"J3845","naive","pre_knowledge","J3845 pre_knowledge",36,0,4,18,0.540639926447321,0.0300355514692956,"naive_pre_knowledge","63",-0.426338743247656,-0.285196987781901
"J3884","naive","pre_knowledge","J3884 pre_knowledge",11,0,33,6,0.32807210491034,0.0546786841517234,"naive_pre_knowledge","64",-0.728818087484913,-0.285196987781901
"J3899","naive","pre_knowledge","J3899 pre_knowledge",20,0,19,15,0.559564904770581,0.0373043269847054,"naive_pre_knowledge","65",-0.6199255235595,-0.285196987781901
"J3987","knowledgeable","pre_knowledge","J3987 pre_knowledge",8,0,48,2,1.00892857142857,0.504464285714286,"knowledgeable_pre_knowledge","66",-0.765115608793383,-0.285196987781901
"J4001","naive","pre_knowledge","J4001 pre_knowledge",11,0,1,0,0,NA,"naive_pre_knowledge","67",-0.728818087484913,-0.285196987781901
"J4044","naive","pre_knowledge","J4044 pre_knowledge",56,0,72,55,1.6090348435077,0.0292551789728674,"naive_pre_knowledge","68",-0.18435526785785,-0.285196987781901
"J4046","naive","pre_knowledge","J4046 pre_knowledge",66,0,1,26,0.547655703252038,0.0210636808943092,"naive_pre_knowledge","69",-0.0633635301629475,-0.285196987781901
"J4109","naive","pre_knowledge","J4109 pre_knowledge",187,0,21,30,0.983741349752487,0.0327913783250829,"naive_pre_knowledge","70",1.40063649594538,-0.285196987781901
"J4112","naive","pre_knowledge","J4112 pre_knowledge",47,0,12,14,0.745672574587245,0.0532623267562318,"naive_pre_knowledge","71",-0.293247831783263,-0.285196987781901
"J4126","naive","pre_knowledge","J4126 pre_knowledge",193,0,NA,24,1.02174168940545,0.0425725703918939,"naive_pre_knowledge","72",1.47323153856232,-0.285196987781901
"J4151","naive","pre_knowledge","J4151 pre_knowledge",210,0,10,33,0.95412616874384,0.0289129142043588,"naive_pre_knowledge","73",1.67891749264365,-0.285196987781901
"J4161","naive","pre_knowledge","J4161 pre_knowledge",92,0,7,26,0.726768492909726,0.0279526343426818,"naive_pre_knowledge","74",0.2512149878438,-0.285196987781901
"J4162","knowledgeable","pre_knowledge","J4162 pre_knowledge",25,0,1,0,0,NA,"knowledgeable_pre_knowledge","75",-0.559429654712049,-0.285196987781901
"J4189","naive","pre_knowledge","J4189 pre_knowledge",200,0,51,34,0.869292023873585,0.0255674124668701,"naive_pre_knowledge","76",1.55792575494875,-0.285196987781901
"J42","naive","pre_knowledge","J42 pre_knowledge",77,0,26,13,0.23872116725999,0.0183631667123069,"naive_pre_knowledge","77",0.0697273813014456,-0.285196987781901
"J4214","naive","pre_knowledge","J4214 pre_knowledge",167,0,6,29,0.993518212617966,0.0342592487109643,"naive_pre_knowledge","78",1.15865302055557,-0.285196987781901
"J4304","knowledgeable","pre_knowledge","J4304 pre_knowledge",160,0,12,7,0.190273382071467,0.0271819117244953,"knowledgeable_pre_knowledge","79",1.07395880416914,-0.285196987781901
"J4315","knowledgeable","pre_knowledge","J4315 pre_knowledge",107,0,74,40,1.04686394312666,0.0261715985781666,"knowledgeable_pre_knowledge","80",0.432702594386154,-0.285196987781901
"J4345","naive","pre_knowledge","J4345 pre_knowledge",6,0,40,9,0.0888995568976883,0.00987772854418759,"naive_pre_knowledge","81",-0.789313956332364,-0.285196987781901
"J4514","knowledgeable","pre_knowledge","J4514 pre_knowledge",53,0,NA,20,1.02025601805191,0.0510128009025953,"knowledgeable_pre_knowledge","82",-0.220652789166321,-0.285196987781901
"J4521","knowledgeable","pre_knowledge","J4521 pre_knowledge",353,0,77,58,1.32444627327081,0.0228352805736347,"knowledgeable_pre_knowledge","83",3.40909934168076,-0.285196987781901
"J4552","naive","pre_knowledge","J4552 pre_knowledge",23,0,11,26,1.0335647558165,0.0397524906083271,"naive_pre_knowledge","84",-0.583628002251029,-0.285196987781901
"J4569","naive","pre_knowledge","J4569 pre_knowledge",121,0,7,2,0.235714285714286,0.117857142857143,"naive_pre_knowledge","85",0.602091027159018,-0.285196987781901
"J4601","knowledgeable","pre_knowledge","J4601 pre_knowledge",302,0,25,41,1.15767196894294,0.0282359016815351,"knowledgeable_pre_knowledge","86",2.79204147943676,-0.285196987781901
"J4651","naive","pre_knowledge","J4651 pre_knowledge",99,0,11,23,0.51525368262223,0.0224023340270535,"naive_pre_knowledge","87",0.335909204230232,-0.285196987781901
"J4654","naive","pre_knowledge","J4654 pre_knowledge",15,0,31,12,0.683286863013029,0.0569405719177524,"naive_pre_knowledge","88",-0.680421392406952,-0.285196987781901
"J4715","naive","pre_knowledge","J4715 pre_knowledge",15,0,1,5,0.213436367363059,0.0426872734726117,"naive_pre_knowledge","89",-0.680421392406952,-0.285196987781901
"J4728","naive","pre_knowledge","J4728 pre_knowledge",114,0,NA,17,0.995919004073028,0.0585834708278252,"naive_pre_knowledge","90",0.517396810772586,-0.285196987781901
"J4731","naive","pre_knowledge","J4731 pre_knowledge",182,0,12,28,0.956474642018939,0.0341598086435335,"naive_pre_knowledge","91",1.34014062709792,-0.285196987781901
"J4747","naive","pre_knowledge","J4747 pre_knowledge",247,0,94,20,0.608669943678326,0.0304334971839163,"naive_pre_knowledge","92",2.12658692211479,-0.285196987781901
"J4782","naive","pre_knowledge","J4782 pre_knowledge",9,0,NA,7,0.0826612201767542,0.0118087457395363,"naive_pre_knowledge","93",-0.753016435023893,-0.285196987781901
"J4840","naive","pre_knowledge","J4840 pre_knowledge",287,0,83,46,0.731785828721273,0.0159083875808972,"naive_pre_knowledge","94",2.6105538728944,-0.285196987781901
"J4954","naive","pre_knowledge","J4954 pre_knowledge",44,0,49,20,0.585986046725567,0.0292993023362783,"naive_pre_knowledge","95",-0.329545353091734,-0.285196987781901
"J4961","naive","pre_knowledge","J4961 pre_knowledge",25,0,15,13,1.28852431957873,0.0991172553522097,"naive_pre_knowledge","96",-0.559429654712049,-0.285196987781901
"J4962","naive","pre_knowledge","J4962 pre_knowledge",85,0,29,36,0.86421167682141,0.0240058799117058,"naive_pre_knowledge","97",0.166520771457368,-0.285196987781901
"J4967","knowledgeable","pre_knowledge","J4967 pre_knowledge",85,0,170,19,0.78085450531384,0.0410976055428337,"knowledgeable_pre_knowledge","98",0.166520771457368,-0.285196987781901
"J4968","naive","pre_knowledge","J4968 pre_knowledge",171,0,NA,0,0,NA,"naive_pre_knowledge","99",1.20704971563353,-0.285196987781901
"J4986","naive","pre_knowledge","J4986 pre_knowledge",8,0,2,7,0.362142423502197,0.0517346319288852,"naive_pre_knowledge","100",-0.765115608793383,-0.285196987781901
"J4998","naive","pre_knowledge","J4998 pre_knowledge",43,0,6,30,1.00649423888273,0.0335498079627577,"naive_pre_knowledge","101",-0.341644526861224,-0.285196987781901
"J5006","naive","pre_knowledge","J5006 pre_knowledge",35,0,NA,26,1.07231824107218,0.041243009272007,"naive_pre_knowledge","102",-0.438437917017146,-0.285196987781901
"J5012","naive","pre_knowledge","J5012 pre_knowledge",199,0,108,52,1.08180424061485,0.0208039277041318,"naive_pre_knowledge","103",1.54582658117926,-0.285196987781901
"J5017","naive","pre_knowledge","J5017 pre_knowledge",6,0,12,2,0.15,0.075,"naive_pre_knowledge","104",-0.789313956332364,-0.285196987781901
"J5021","naive","pre_knowledge","J5021 pre_knowledge",152,0,1,28,1.13818447833766,0.0406494456549163,"naive_pre_knowledge","105",0.977165414013216,-0.285196987781901
"J5043","naive","pre_knowledge","J5043 pre_knowledge",2,0,NA,4,0.236462129419876,0.059115532354969,"naive_pre_knowledge","106",-0.837710651410325,-0.285196987781901
"J505","naive","pre_knowledge","J505 pre_knowledge",30,0,31,24,0.760306908407227,0.0316794545169678,"naive_pre_knowledge","107",-0.498933785864597,-0.285196987781901
"J5053","knowledgeable","pre_knowledge","J5053 pre_knowledge",36,0,6,14,0.391718251937141,0.0279798751383672,"knowledgeable_pre_knowledge","108",-0.426338743247656,-0.285196987781901
"J5074","knowledgeable","pre_knowledge","J5074 pre_knowledge",40,0,NA,17,0.676341477827624,0.0397847928133897,"knowledgeable_pre_knowledge","109",-0.377942048169695,-0.285196987781901
"J5089","knowledgeable","pre_knowledge","J5089 pre_knowledge",36,0,23,20,0.379833068845,0.01899165344225,"knowledgeable_pre_knowledge","110",-0.426338743247656,-0.285196987781901
"J5095","naive","pre_knowledge","J5095 pre_knowledge",16,0,NA,2,0.0540650406504065,0.0270325203252033,"naive_pre_knowledge","111",-0.668322218637461,-0.285196987781901
"J5121","knowledgeable","pre_knowledge","J5121 pre_knowledge",16,0,23,6,0.159123715963022,0.0265206193271703,"knowledgeable_pre_knowledge","112",-0.668322218637461,-0.285196987781901
"J5146","knowledgeable","pre_knowledge","J5146 pre_knowledge",68,0,24,32,0.819845433255322,0.0256201697892288,"knowledgeable_pre_knowledge","113",-0.0391651826239669,-0.285196987781901
"J5215","naive","pre_knowledge","J5215 pre_knowledge",3,0,NA,7,0.302714697226892,0.0432449567466989,"naive_pre_knowledge","114",-0.825611477640835,-0.285196987781901
"J5222","naive","pre_knowledge","J5222 pre_knowledge",44,0,7,18,0.899643912249357,0.0499802173471865,"naive_pre_knowledge","115",-0.329545353091734,-0.285196987781901
"J5255","naive","pre_knowledge","J5255 pre_knowledge",15,0,1,11,0.94510143419405,0.0859183121994591,"naive_pre_knowledge","116",-0.680421392406952,-0.285196987781901
"J5269","naive","pre_knowledge","J5269 pre_knowledge",18,0,2,12,0.924745634921077,0.0770621362434231,"naive_pre_knowledge","117",-0.644123871098481,-0.285196987781901
"J5271","naive","pre_knowledge","J5271 pre_knowledge",14,0,17,12,0.923604089731738,0.0769670074776449,"naive_pre_knowledge","118",-0.692520566176442,-0.285196987781901
"J5309","naive","pre_knowledge","J5309 pre_knowledge",65,0,12,24,0.5260225860794,0.0219176077533083,"naive_pre_knowledge","119",-0.0754627039324377,-0.285196987781901
"J5316","naive","pre_knowledge","J5316 pre_knowledge",96,0,85,22,0.522313540565507,0.0237415245711594,"naive_pre_knowledge","120",0.299611682921761,-0.285196987781901
"J5379","naive","pre_knowledge","J5379 pre_knowledge",80,0,NA,24,0.683292731858203,0.0284705304940918,"naive_pre_knowledge","121",0.106024902609916,-0.285196987781901
"J5428","naive","pre_knowledge","J5428 pre_knowledge",11,0,1,2,0.0177865612648221,0.00889328063241106,"naive_pre_knowledge","122",-0.728818087484913,-0.285196987781901
"J5456","naive","pre_knowledge","J5456 pre_knowledge",29,0,NA,10,0.358484077868741,0.0358484077868741,"naive_pre_knowledge","123",-0.511032959634088,-0.285196987781901
"J5475","naive","pre_knowledge","J5475 pre_knowledge",38,0,11,2,0.239541160593792,0.119770580296896,"naive_pre_knowledge","124",-0.402140395708675,-0.285196987781901
"J5476","naive","pre_knowledge","J5476 pre_knowledge",48,0,NA,20,0.426671266078356,0.0213335633039178,"naive_pre_knowledge","125",-0.281148658013772,-0.285196987781901
"J5477","naive","pre_knowledge","J5477 pre_knowledge",70,0,131,24,0.796159479814059,0.0331733116589191,"naive_pre_knowledge","126",-0.0149668350849864,-0.285196987781901
"J5489","naive","pre_knowledge","J5489 pre_knowledge",20,0,38,7,0.357645479913571,0.0510922114162245,"naive_pre_knowledge","127",-0.6199255235595,-0.285196987781901
"J5503","naive","pre_knowledge","J5503 pre_knowledge",14,0,NA,6,0.462179082491582,0.0770298470819304,"naive_pre_knowledge","128",-0.692520566176442,-0.285196987781901
"J5519","naive","pre_knowledge","J5519 pre_knowledge",103,0,10,23,0.589135162074735,0.0256145722641189,"naive_pre_knowledge","129",0.384305899308193,-0.285196987781901
"J5559","naive","pre_knowledge","J5559 pre_knowledge",31,0,5,27,1.3942357960218,0.051638362815622,"naive_pre_knowledge","130",-0.486834612095107,-0.285196987781901
"J5566","naive","pre_knowledge","J5566 pre_knowledge",43,0,3,9,0.507729238508764,0.0564143598343071,"naive_pre_knowledge","131",-0.341644526861224,-0.285196987781901
"J5568","knowledgeable","pre_knowledge","J5568 pre_knowledge",20,0,1,10,0.491918126402485,0.0491918126402485,"knowledgeable_pre_knowledge","132",-0.6199255235595,-0.285196987781901
"J5582","naive","pre_knowledge","J5582 pre_knowledge",4,0,NA,1,0.0108695652173913,0.0108695652173913,"naive_pre_knowledge","133",-0.813512303871345,-0.285196987781901
"J5583","naive","pre_knowledge","J5583 pre_knowledge",13,0,NA,9,0.877977160235225,0.0975530178039138,"naive_pre_knowledge","134",-0.704619739945932,-0.285196987781901
"J5595","naive","pre_knowledge","J5595 pre_knowledge",27,0,NA,23,1.15082343479652,0.0500358015128921,"naive_pre_knowledge","135",-0.535231307173068,-0.285196987781901
"J56","naive","pre_knowledge","J56 pre_knowledge",4,0,NA,4,0.209538123167155,0.0523845307917888,"naive_pre_knowledge","136",-0.813512303871345,-0.285196987781901
"J5607","naive","pre_knowledge","J5607 pre_knowledge",96,0,7,20,0.495429843506918,0.0247714921753459,"naive_pre_knowledge","137",0.299611682921761,-0.285196987781901
"J5618","naive","pre_knowledge","J5618 pre_knowledge",12,0,NA,3,0.10517762445116,0.0350592081503868,"naive_pre_knowledge","138",-0.716718913715422,-0.285196987781901
"J5645","naive","pre_knowledge","J5645 pre_knowledge",144,0,2,61,1.22233087233986,0.0200382110219649,"naive_pre_knowledge","139",0.880372023857294,-0.285196987781901
"J5657A","naive","pre_knowledge","J5657A pre_knowledge",8,0,NA,5,0.121509536177614,0.0243019072355228,"naive_pre_knowledge","140",-0.765115608793383,-0.285196987781901
"J5658","naive","pre_knowledge","J5658 pre_knowledge",3,0,NA,3,0.0804232804232804,0.0268077601410935,"naive_pre_knowledge","141",-0.825611477640835,-0.285196987781901
"J595","naive","pre_knowledge","J595 pre_knowledge",84,0,NA,26,0.914290271557578,0.0351650104445222,"naive_pre_knowledge","142",0.154421597687877,-0.285196987781901
"J5999","naive","pre_knowledge","J5999 pre_knowledge",3,0,26,6,1.56544566544567,0.260907610907611,"naive_pre_knowledge","143",-0.825611477640835,-0.285196987781901
"J6000","naive","pre_knowledge","J6000 pre_knowledge",72,0,NA,28,0.829938313223873,0.0296406540437097,"naive_pre_knowledge","144",0.00923151245399418,-0.285196987781901
"J6014","naive","pre_knowledge","J6014 pre_knowledge",6,0,NA,9,0.304460540865277,0.0338289489850308,"naive_pre_knowledge","145",-0.789313956332364,-0.285196987781901
"J6017","naive","pre_knowledge","J6017 pre_knowledge",157,0,15,41,0.864109554691986,0.0210758427973655,"naive_pre_knowledge","146",1.03766128286067,-0.285196987781901
"J6023","naive","pre_knowledge","J6023 pre_knowledge",19,0,8,22,0.800684181446883,0.0363947355203128,"naive_pre_knowledge","147",-0.63202469732899,-0.285196987781901
"J6024","naive","pre_knowledge","J6024 pre_knowledge",9,0,NA,4,0.0690698620786222,0.0172674655196556,"naive_pre_knowledge","148",-0.753016435023893,-0.285196987781901
"J6027","naive","pre_knowledge","J6027 pre_knowledge",7,0,NA,11,0.760152204821323,0.0691047458928476,"naive_pre_knowledge","149",-0.777214782562874,-0.285196987781901
"J640","naive","pre_knowledge","J640 pre_knowledge",2,0,NA,2,1.00735294117647,0.503676470588235,"naive_pre_knowledge","150",-0.837710651410325,-0.285196987781901
"J664","knowledgeable","pre_knowledge","J664 pre_knowledge",512,0,114,94,1.27078737049101,0.0135190145796916,"knowledgeable_pre_knowledge","151",5.33286797102972,-0.285196987781901
"J910","naive","pre_knowledge","J910 pre_knowledge",8,0,NA,4,0.166272877410459,0.0415682193526148,"naive_pre_knowledge","152",-0.765115608793383,-0.285196987781901
"J971","naive","pre_knowledge","J971 pre_knowledge",3,0,NA,3,0.164372469635628,0.0547908232118759,"naive_pre_knowledge","153",-0.825611477640835,-0.285196987781901
"J990","naive","pre_knowledge","J990 pre_knowledge",19,0,5,5,0.235922849080744,0.0471845698161488,"naive_pre_knowledge","154",-0.63202469732899,-0.285196987781901
"J1001","naive","post_knowledge","J1001 post_knowledge",54,260,156,27,0.958295399043715,0.0354924221868043,"naive_post_knowledge","155",-0.208553615396831,0.95085728410069
"J1046","knowledgeable","post_knowledge","J1046 post_knowledge",94,482,198,36,1.26377690627352,0.0351049140631533,"knowledgeable_post_knowledge","156",0.27541333538278,2.00625747009275
"J1057","naive","post_knowledge","J1057 post_knowledge",194,21,210,85,1.16490238366253,0.0137047339254415,"naive_post_knowledge","157",1.48533071233181,-0.185361835052923
"J1076","naive","post_knowledge","J1076 post_knowledge",4,0,1,5,0.495370370370371,0.0990740740740741,"naive_post_knowledge","158",-0.813512303871345,-0.285196987781901
"J1093","naive","post_knowledge","J1093 post_knowledge",23,1526,690,11,0.612620317307447,0.0556927561188588,"naive_post_knowledge","159",-0.583628002251029,6.96949077719054
"J1096","naive","post_knowledge","J1096 post_knowledge",22,48,149,30,0.96126175085099,0.0320420583616997,"naive_post_knowledge","160",-0.59572717602052,-0.0570023529728073
"J1154","naive","post_knowledge","J1154 post_knowledge",4,14,45,4,0.401315789473684,0.100328947368421,"naive_post_knowledge","161",-0.813512303871345,-0.218640219295915
"J1266","naive","post_knowledge","J1266 post_knowledge",16,0,NA,9,0.262137648738611,0.0291264054154012,"naive_post_knowledge","162",-0.668322218637461,-0.285196987781901
"J1317","naive","post_knowledge","J1317 post_knowledge",50,132,436,28,0.689515069695306,0.0246255382034038,"naive_post_knowledge","163",-0.256950310474792,0.342338257943107
"J1345","naive","post_knowledge","J1345 post_knowledge",23,4,36,15,1.05733488730303,0.0704889924868689,"naive_post_knowledge","164",-0.583628002251029,-0.266180768214477
"J1351","naive","post_knowledge","J1351 post_knowledge",54,8,22,35,1.11586981701987,0.0318819947719962,"naive_post_knowledge","165",-0.208553615396831,-0.247164548647052
"J1458","naive","post_knowledge","J1458 post_knowledge",14,21,68,4,0.110545885020675,0.0276364712551687,"naive_post_knowledge","166",-0.692520566176442,-0.185361835052923
"J1480","knowledgeable","post_knowledge","J1480 post_knowledge",59,282,124,42,0.957974530184808,0.0228089173853526,"knowledgeable_post_knowledge","167",-0.148057746549379,1.05544649172153
"J1529","knowledgeable","post_knowledge","J1529 post_knowledge",211,571,170,61,1.51682654249303,0.0248660088933283,"knowledgeable_post_knowledge","168",1.69101666641314,2.42936835546794
"J1556","knowledgeable","post_knowledge","J1556 post_knowledge",34,3,NA,18,0.559208336832069,0.0310671298240039,"knowledgeable_post_knowledge","169",-0.450537090786636,-0.270934823106333
"J1618","naive","post_knowledge","J1618 post_knowledge",59,26,16,22,0.690873964896234,0.0314033620407379,"naive_post_knowledge","170",-0.148057746549379,-0.161591560593642
"J1623","naive","post_knowledge","J1623 post_knowledge",14,11,51,7,0.146904301660399,0.0209863288086285,"naive_post_knowledge","171",-0.692520566176442,-0.232902383971484
"J1627","knowledgeable","post_knowledge","J1627 post_knowledge",19,621,58,15,0.799684730372162,0.0533123153581441,"knowledgeable_post_knowledge","172",-0.63202469732899,2.66707110006075
"J1631","knowledgeable","post_knowledge","J1631 post_knowledge",30,375,68,23,0.622220979234723,0.0270530860536836,"knowledgeable_post_knowledge","173",-0.498933785864597,1.49757359666414
"J164","naive","post_knowledge","J164 post_knowledge",1,2,1,1,0.0434782608695652,0.0434782608695652,"naive_post_knowledge","174",-0.849809825179815,-0.275688877998189
"J1735","naive","post_knowledge","J1735 post_knowledge",52,2,69,24,0.563700309450378,0.0234875128937658,"naive_post_knowledge","175",-0.232751962935811,-0.275688877998189
"J1902","naive","post_knowledge","J1902 post_knowledge",86,167,205,41,1.30126966725194,0.0317382845671204,"naive_post_knowledge","176",0.178619945226858,0.508730179158071
"J1916","naive","post_knowledge","J1916 post_knowledge",3,405,327,1,0.0185185185185185,0.0185185185185185,"naive_post_knowledge","177",-0.825611477640835,1.64019524341983
"J1962","naive","post_knowledge","J1962 post_knowledge",3,1,38,6,0.42154071773637,0.070256786289395,"naive_post_knowledge","178",-0.825611477640835,-0.280442932890045
"J1964","naive","post_knowledge","J1964 post_knowledge",12,21,9,5,0.214881429717035,0.042976285943407,"naive_post_knowledge","179",-0.716718913715422,-0.185361835052923
"J1973","naive","post_knowledge","J1973 post_knowledge",1,368,550,2,0.195488721804511,0.0977443609022557,"naive_post_knowledge","180",-0.849809825179815,1.46429521242115
"J2039","naive","post_knowledge","J2039 post_knowledge",10,152,214,14,0.618272424379838,0.0441623160271313,"naive_post_knowledge","181",-0.740917261254403,0.437419355780229
"J2124","naive","post_knowledge","J2124 post_knowledge",100,83,116,38,0.799569970864192,0.0210413150227419,"naive_post_knowledge","182",0.348008377999722,0.109389568242157
"J2128","knowledgeable","post_knowledge","J2128 post_knowledge",36,424,233,29,0.612268786512105,0.0211127167762795,"knowledgeable_post_knowledge","183",-0.426338743247656,1.73052228636509
"J2168","naive","post_knowledge","J2168 post_knowledge",134,38,338,49,0.751290203437187,0.0153324531313712,"naive_post_knowledge","184",0.759380286162391,-0.104542901891369
"J2196","naive","post_knowledge","J2196 post_knowledge",105,39,182,54,0.871547202086748,0.0161397630016065,"naive_post_knowledge","185",0.408504246847173,-0.0997888469995124
"J2375","naive","post_knowledge","J2375 post_knowledge",95,50,221,26,0.550202423047938,0.0211616316556899,"naive_post_knowledge","186",0.287512509152271,-0.0474942431890951
"J2377","naive","post_knowledge","J2377 post_knowledge",1,41,104,1,0.142857142857143,0.142857142857143,"naive_post_knowledge","187",-0.849809825179815,-0.0902807372158002
"J2392","naive","post_knowledge","J2392 post_knowledge",236,54,292,41,0.897423066329989,0.0218883674714631,"naive_post_knowledge","188",1.9934960106504,-0.0284780236216706
"J2415","naive","post_knowledge","J2415 post_knowledge",12,7,19,6,0.196626256337775,0.0327710427229626,"naive_post_knowledge","189",-0.716718913715422,-0.251918603538908
"J2488","naive","post_knowledge","J2488 post_knowledge",14,2,NA,9,0.226168490472633,0.025129832274737,"naive_post_knowledge","190",-0.692520566176442,-0.275688877998189
"J2563","naive","post_knowledge","J2563 post_knowledge",3,42,28,0,0,NA,"naive_post_knowledge","191",-0.825611477640835,-0.0855266823239441
"J2572","naive","post_knowledge","J2572 post_knowledge",12,0,3,2,0.0714285714285714,0.0357142857142857,"naive_post_knowledge","192",-0.716718913715422,-0.285196987781901
"J2621","naive","post_knowledge","J2621 post_knowledge",1,24,121,0,0,NA,"naive_post_knowledge","193",-0.849809825179815,-0.171099670377354
"J2661","naive","post_knowledge","J2661 post_knowledge",3,31,39,6,0.150873903707487,0.0251456506179145,"naive_post_knowledge","194",-0.825611477640835,-0.137821286134361
"J2728","naive","post_knowledge","J2728 post_knowledge",90,0,NA,46,0.88687042678788,0.019279791886693,"naive_post_knowledge","195",0.227016640304819,-0.285196987781901
"J2801","naive","post_knowledge","J2801 post_knowledge",147,55,104,58,1.23336990323026,0.0212649983315563,"naive_post_knowledge","196",0.916669545165765,-0.0237239687298145
"J2941","naive","post_knowledge","J2941 post_knowledge",95,821,664,58,1.16281062576315,0.0200484590648819,"naive_post_knowledge","197",0.287512509152271,3.61788207843197
"J295","naive","post_knowledge","J295 post_knowledge",4,25,38,4,0.0650383430556466,0.0162595857639116,"naive_post_knowledge","198",-0.813512303871345,-0.166345615485498
"J2969","naive","post_knowledge","J2969 post_knowledge",19,10,14,7,0.276414505314639,0.0394877864735199,"naive_post_knowledge","199",-0.63202469732899,-0.23765643886334
"J3096","naive","post_knowledge","J3096 post_knowledge",194,8,3,61,1.2875376429775,0.0211071744750409,"naive_post_knowledge","200",1.48533071233181,-0.247164548647052
"J3305","naive","post_knowledge","J3305 post_knowledge",8,578,736,1,0.0303030303030303,0.0303030303030303,"naive_post_knowledge","201",-0.765115608793383,2.46264673971094
"J3369","naive","post_knowledge","J3369 post_knowledge",242,3,6,69,1.37947973568958,0.0199924599375302,"naive_post_knowledge","202",2.06609105326734,-0.270934823106333
"J3383","naive","post_knowledge","J3383 post_knowledge",7,2,2,10,0.434654274425216,0.0434654274425216,"naive_post_knowledge","203",-0.777214782562874,-0.275688877998189
"J3492","naive","post_knowledge","J3492 post_knowledge",68,0,2,36,0.909653787746751,0.0252681607707431,"naive_post_knowledge","204",-0.0391651826239669,-0.285196987781901
"J3508","naive","post_knowledge","J3508 post_knowledge",54,67,321,7,0.194681752902023,0.0278116789860033,"naive_post_knowledge","205",-0.208553615396831,0.033324689972459
"J3549","naive","post_knowledge","J3549 post_knowledge",4,0,NA,2,0.0355322338830585,0.0177661169415292,"naive_post_knowledge","206",-0.813512303871345,-0.285196987781901
"J3610","naive","post_knowledge","J3610 post_knowledge",111,1,NA,42,1.5020228204535,0.0357624481060356,"naive_post_knowledge","207",0.481099289464115,-0.280442932890045
"J3679","naive","post_knowledge","J3679 post_knowledge",141,1,1,77,1.31258049711666,0.0170464999625541,"naive_post_knowledge","208",0.844074502548823,-0.280442932890045
"J3702","naive","post_knowledge","J3702 post_knowledge",157,9,89,43,0.843299472945248,0.0196116156498895,"naive_post_knowledge","209",1.03766128286067,-0.242410493755196
"J3714","naive","post_knowledge","J3714 post_knowledge",121,17,92,18,0.485439166800868,0.0269688426000482,"naive_post_knowledge","210",0.602091027159018,-0.204378054620347
"J3715","naive","post_knowledge","J3715 post_knowledge",86,26,26,34,0.770393295731628,0.0226586263450479,"naive_post_knowledge","211",0.178619945226858,-0.161591560593642
"J3716","naive","post_knowledge","J3716 post_knowledge",10,58,172,6,0.457936089521312,0.0763226815868853,"naive_post_knowledge","212",-0.740917261254403,-0.0094618040542461
"J3718","naive","post_knowledge","J3718 post_knowledge",90,0,3,61,1.32421596942176,0.0217084585151109,"naive_post_knowledge","213",0.227016640304819,-0.285196987781901
"J3749","naive","post_knowledge","J3749 post_knowledge",42,1,1,26,0.646163995155566,0.0248524613521371,"naive_post_knowledge","214",-0.353743700630714,-0.280442932890045
"J3753","naive","post_knowledge","J3753 post_knowledge",31,24,199,25,0.554967408988582,0.0221986963595433,"naive_post_knowledge","215",-0.486834612095107,-0.171099670377354
"J3759","knowledgeable","post_knowledge","J3759 post_knowledge",132,8,28,39,0.678179847398543,0.0173892268563729,"knowledgeable_post_knowledge","216",0.735181938623411,-0.247164548647052
"J3845","naive","post_knowledge","J3845 post_knowledge",21,0,1,15,0.297382122593124,0.0198254748395416,"naive_post_knowledge","217",-0.60782634979001,-0.285196987781901
"J3884","naive","post_knowledge","J3884 post_knowledge",6,49,177,0,0,NA,"naive_post_knowledge","218",-0.789313956332364,-0.0522482980809512
"J3899","naive","post_knowledge","J3899 post_knowledge",26,14,29,15,0.476550766315562,0.0317700510877041,"naive_post_knowledge","219",-0.547330480942559,-0.218640219295915
"J3987","knowledgeable","post_knowledge","J3987 post_knowledge",29,225,154,16,0.275968681902448,0.017248042618903,"knowledgeable_post_knowledge","220",-0.511032959634088,0.784465362885726
"J4001","naive","post_knowledge","J4001 post_knowledge",3,1,5,6,0.403355883247188,0.0672259805411979,"naive_post_knowledge","221",-0.825611477640835,-0.280442932890045
"J4044","naive","post_knowledge","J4044 post_knowledge",246,199,393,97,1.30687888292052,0.0134729781744384,"naive_post_knowledge","222",2.1144877483453,0.660859935697467
"J4046","naive","post_knowledge","J4046 post_knowledge",80,6,17,35,0.606263282336465,0.0173218080667561,"naive_post_knowledge","223",0.106024902609916,-0.256672658430764
"J4109","naive","post_knowledge","J4109 post_knowledge",145,0,NA,48,1.40082821595519,0.0291839211657332,"naive_post_knowledge","224",0.892471197626784,-0.285196987781901
"J4112","naive","post_knowledge","J4112 post_knowledge",28,21,97,15,0.67279648493175,0.04485309899545,"naive_post_knowledge","225",-0.523132133403578,-0.185361835052923
"J4126","naive","post_knowledge","J4126 post_knowledge",213,0,1,42,1.22395194275508,0.0291417129227399,"naive_post_knowledge","226",1.71521501395212,-0.285196987781901
"J4151","naive","post_knowledge","J4151 post_knowledge",56,192,474,36,1.0077651481326,0.0279934763370167,"naive_post_knowledge","227",-0.18435526785785,0.627581551454474
"J4161","naive","post_knowledge","J4161 post_knowledge",78,20,43,17,0.473302163762666,0.027841303750745,"naive_post_knowledge","228",0.0818265550709358,-0.190115889944779
"J4162","knowledgeable","post_knowledge","J4162 post_knowledge",4,162,12,3,0.299242424242425,0.0997474747474749,"knowledgeable_post_knowledge","229",-0.813512303871345,0.484959904698791
"J4189","naive","post_knowledge","J4189 post_knowledge",32,3,2,10,0.409612205234837,0.0409612205234837,"naive_post_knowledge","230",-0.474735438325617,-0.270934823106333
"J42","naive","post_knowledge","J42 post_knowledge",91,190,71,24,0.500717602743163,0.0208632334476318,"naive_post_knowledge","231",0.239115814074309,0.618073441670762
"J4214","naive","post_knowledge","J4214 post_knowledge",134,11,15,34,1.03052979568813,0.0303096998731802,"naive_post_knowledge","232",0.759380286162391,-0.232902383971484
"J4304","knowledgeable","post_knowledge","J4304 post_knowledge",65,1195,276,36,0.961508580825689,0.0267085716896025,"knowledgeable_post_knowledge","233",-0.0754627039324377,5.39589860798616
"J4315","knowledgeable","post_knowledge","J4315 post_knowledge",18,1198,205,3,0.0750454788657036,0.0250151596219012,"knowledgeable_post_knowledge","234",-0.644123871098481,5.41016077266173
"J4345","naive","post_knowledge","J4345 post_knowledge",22,15,5,15,0.307738715747257,0.0205159143831505,"naive_post_knowledge","235",-0.59572717602052,-0.213886164404059
"J4514","knowledgeable","post_knowledge","J4514 post_knowledge",69,454,197,25,0.816377576718466,0.0326551030687386,"knowledgeable_post_knowledge","236",-0.0270660088544766,1.87314393312078
"J4521","knowledgeable","post_knowledge","J4521 post_knowledge",172,47,75,43,0.903513160900465,0.0210119339744294,"knowledgeable_post_knowledge","237",1.21914888940302,-0.0617564078646634
"J4552","naive","post_knowledge","J4552 post_knowledge",182,15,8,81,1.44244295044613,0.0178079376598287,"naive_post_knowledge","238",1.34014062709792,-0.213886164404059
"J4569","naive","post_knowledge","J4569 post_knowledge",98,7,20,60,0.984939380043428,0.0164156563340571,"naive_post_knowledge","239",0.323810030460741,-0.251918603538908
"J4601","knowledgeable","post_knowledge","J4601 post_knowledge",239,168,51,68,1.31441049369272,0.0193295660837164,"knowledgeable_post_knowledge","240",2.02979353195887,0.513484234049927
"J4651","naive","post_knowledge","J4651 post_knowledge",90,23,43,15,0.347968287381353,0.0231978858254235,"naive_post_knowledge","241",0.227016640304819,-0.17585372526921
"J4654","naive","post_knowledge","J4654 post_knowledge",6,46,233,4,0.128806446197751,0.0322016115494376,"naive_post_knowledge","242",-0.789313956332364,-0.0665104627565196
"J4715","naive","post_knowledge","J4715 post_knowledge",6,11,12,11,0.340131416853167,0.0309210378957425,"naive_post_knowledge","243",-0.789313956332364,-0.232902383971484
"J4728","naive","post_knowledge","J4728 post_knowledge",21,0,1,10,0.494143737968109,0.0494143737968109,"naive_post_knowledge","244",-0.60782634979001,-0.285196987781901
"J4731","naive","post_knowledge","J4731 post_knowledge",103,5,8,18,0.478581033902318,0.0265878352167954,"naive_post_knowledge","245",0.384305899308193,-0.261426713322621
"J4747","naive","post_knowledge","J4747 post_knowledge",345,48,265,30,0.523205443766608,0.0174401814588869,"naive_post_knowledge","246",3.31230595152484,-0.0570023529728073
"J4782","naive","post_knowledge","J4782 post_knowledge",28,35,76,7,0.163434232246929,0.0233477474638469,"naive_post_knowledge","247",-0.523132133403578,-0.118805066566937
"J4840","naive","post_knowledge","J4840 post_knowledge",33,5,10,2,0.0592592592592592,0.0296296296296296,"naive_post_knowledge","248",-0.462636264556127,-0.261426713322621
"J4954","naive","post_knowledge","J4954 post_knowledge",113,33,38,46,1.21231074957785,0.0263545815125619,"naive_post_knowledge","249",0.505297637003095,-0.128313176350649
"J4961","naive","post_knowledge","J4961 post_knowledge",75,16,53,28,0.670214441258895,0.0239362300449605,"naive_post_knowledge","250",0.045529033762465,-0.209132109512203
"J4962","naive","post_knowledge","J4962 post_knowledge",124,3,10,62,0.937795379151031,0.0151257319217908,"naive_post_knowledge","251",0.638388548467488,-0.270934823106333
"J4967","knowledgeable","post_knowledge","J4967 post_knowledge",4,1435,382,1,0.166666666666667,0.166666666666667,"knowledgeable_post_knowledge","252",-0.813512303871345,6.53687178203163
"J4968","naive","post_knowledge","J4968 post_knowledge",89,2,5,49,1.19840731845448,0.0244572922133567,"naive_post_knowledge","253",0.214917466535329,-0.275688877998189
"J4986","naive","post_knowledge","J4986 post_knowledge",94,15,17,46,0.875451645075325,0.0190315575016375,"naive_post_knowledge","254",0.27541333538278,-0.213886164404059
"J4998","naive","post_knowledge","J4998 post_knowledge",164,0,3,67,1.30424444628881,0.019466335019236,"naive_post_knowledge","255",1.1223554992471,-0.285196987781901
"J5006","naive","post_knowledge","J5006 post_knowledge",30,61,43,19,0.541853961362291,0.0285186295453837,"naive_post_knowledge","256",-0.498933785864597,0.00480036062132226
"J5012","naive","post_knowledge","J5012 post_knowledge",35,74,100,28,0.79594542929238,0.0284266224747279,"naive_post_knowledge","257",-0.438437917017146,0.0666030742154518
"J5017","naive","post_knowledge","J5017 post_knowledge",2,77,121,0,0,NA,"naive_post_knowledge","258",-0.837710651410325,0.0808652388910202
"J5021","naive","post_knowledge","J5021 post_knowledge",127,12,12,46,1.57896373734987,0.0343252986380406,"naive_post_knowledge","259",0.674686069775959,-0.228148329079628
"J5043","naive","post_knowledge","J5043 post_knowledge",3,9,55,3,0.0891545391545391,0.0297181797181797,"naive_post_knowledge","260",-0.825611477640835,-0.242410493755196
"J505","naive","post_knowledge","J505 post_knowledge",39,219,378,26,0.699709011165754,0.0269118850448367,"naive_post_knowledge","261",-0.390041221939185,0.75594103353459
"J5053","knowledgeable","post_knowledge","J5053 post_knowledge",168,406,142,42,0.711322079904294,0.0169362399977213,"knowledgeable_post_knowledge","262",1.17075219432506,1.64494929831168
"J5074","knowledgeable","post_knowledge","J5074 post_knowledge",120,17,15,42,0.796585148530482,0.0189663130602496,"knowledgeable_post_knowledge","263",0.589991853389527,-0.204378054620347
"J5089","knowledgeable","post_knowledge","J5089 post_knowledge",95,417,162,51,0.956756196080577,0.0187599254133446,"knowledgeable_post_knowledge","264",0.287512509152271,1.6972439021221
"J5095","naive","post_knowledge","J5095 post_knowledge",22,2,2,18,0.551820133966456,0.0306566741092476,"naive_post_knowledge","265",-0.59572717602052,-0.275688877998189
"J5121","knowledgeable","post_knowledge","J5121 post_knowledge",63,166,54,19,0.526076893142478,0.0276882575338146,"knowledgeable_post_knowledge","266",-0.0996610514714183,0.503976124266215
"J5146","knowledgeable","post_knowledge","J5146 post_knowledge",7,1865,535,9,0.63978096434993,0.0710867738166589,"knowledgeable_post_knowledge","267",-0.777214782562874,8.58111538552977
"J5215","naive","post_knowledge","J5215 post_knowledge",18,31,123,13,0.452610761083863,0.0348162123910664,"naive_post_knowledge","268",-0.644123871098481,-0.137821286134361
"J5222","naive","post_knowledge","J5222 post_knowledge",33,11,29,18,0.712277335111912,0.0395709630617729,"naive_post_knowledge","269",-0.462636264556127,-0.232902383971484
"J5255","naive","post_knowledge","J5255 post_knowledge",3,6,2,7,1.22689745196324,0.175271064566177,"naive_post_knowledge","270",-0.825611477640835,-0.256672658430764
"J5269","naive","post_knowledge","J5269 post_knowledge",17,10,4,2,0.0564387917329094,0.0282193958664547,"naive_post_knowledge","271",-0.656223044867971,-0.23765643886334
"J5271","naive","post_knowledge","J5271 post_knowledge",38,24,20,2,0.11123595505618,0.0556179775280899,"naive_post_knowledge","272",-0.402140395708675,-0.171099670377354
"J5309","naive","post_knowledge","J5309 post_knowledge",36,4,24,27,0.879133008035107,0.032560481779078,"naive_post_knowledge","273",-0.426338743247656,-0.266180768214477
"J5316","naive","post_knowledge","J5316 post_knowledge",88,104,534,36,0.624125809245831,0.0173368280346064,"naive_post_knowledge","274",0.202818292765839,0.209224720971136
"J5379","naive","post_knowledge","J5379 post_knowledge",15,33,179,8,0.332456713220732,0.0415570891525915,"naive_post_knowledge","275",-0.680421392406952,-0.128313176350649
"J5428","naive","post_knowledge","J5428 post_knowledge",2,2,4,0,0,NA,"naive_post_knowledge","276",-0.837710651410325,-0.275688877998189
"J5456","naive","post_knowledge","J5456 post_knowledge",26,3,28,4,0.16333912875495,0.0408347821887376,"naive_post_knowledge","277",-0.547330480942559,-0.270934823106333
"J5475","naive","post_knowledge","J5475 post_knowledge",3,36,129,2,0.170454545454545,0.0852272727272727,"naive_post_knowledge","278",-0.825611477640835,-0.114051011675081
"J5476","naive","post_knowledge","J5476 post_knowledge",66,13,6,34,0.909950125388653,0.0267632389820192,"naive_post_knowledge","279",-0.0633635301629475,-0.223394274187772
"J5477","naive","post_knowledge","J5477 post_knowledge",67,62,292,47,0.902937365590962,0.019211433310446,"naive_post_knowledge","280",-0.0512643563934572,0.00955441551317839
"J5489","naive","post_knowledge","J5489 post_knowledge",1,35,220,0,0,NA,"naive_post_knowledge","281",-0.849809825179815,-0.118805066566937
"J5503","naive","post_knowledge","J5503 post_knowledge",156,0,3,75,1.44543046692617,0.0192724062256823,"naive_post_knowledge","282",1.02556210909118,-0.285196987781901
"J5519","naive","post_knowledge","J5519 post_knowledge",154,4,14,25,0.445163965831288,0.0178065586332515,"naive_post_knowledge","283",1.0013637615522,-0.266180768214477
"J5559","naive","post_knowledge","J5559 post_knowledge",28,17,11,20,0.836031864506447,0.0418015932253223,"naive_post_knowledge","284",-0.523132133403578,-0.204378054620347
"J5566","naive","post_knowledge","J5566 post_knowledge",9,17,25,1,0.0277777777777778,0.0277777777777778,"naive_post_knowledge","285",-0.753016435023893,-0.204378054620347
"J5568","knowledgeable","post_knowledge","J5568 post_knowledge",59,38,31,35,0.718881307231034,0.0205394659208867,"knowledgeable_post_knowledge","286",-0.148057746549379,-0.104542901891369
"J5582","naive","post_knowledge","J5582 post_knowledge",25,6,35,13,0.311375541055769,0.0239519646965976,"naive_post_knowledge","287",-0.559429654712049,-0.256672658430764
"J5583","naive","post_knowledge","J5583 post_knowledge",65,4,14,31,0.547979727483756,0.0176767654027018,"naive_post_knowledge","288",-0.0754627039324377,-0.266180768214477
"J5595","naive","post_knowledge","J5595 post_knowledge",100,28,16,35,0.784529455606528,0.0224151273030437,"naive_post_knowledge","289",0.348008377999722,-0.15208345080993
"J56","naive","post_knowledge","J56 post_knowledge",1,1,5,3,0.266917293233083,0.0889724310776943,"naive_post_knowledge","290",-0.849809825179815,-0.280442932890045
"J5607","naive","post_knowledge","J5607 post_knowledge",64,48,213,17,0.388338154351852,0.0228434208442266,"naive_post_knowledge","291",-0.087561877701928,-0.0570023529728073
"J5618","naive","post_knowledge","J5618 post_knowledge",19,1,NA,10,0.513124205569027,0.0513124205569027,"naive_post_knowledge","292",-0.63202469732899,-0.280442932890045
"J5645","naive","post_knowledge","J5645 post_knowledge",161,29,64,67,1.21052619480008,0.0180675551462698,"naive_post_knowledge","293",1.08605797793863,-0.147329395918074
"J5657A","naive","post_knowledge","J5657A post_knowledge",172,4,4,41,0.563137154693088,0.0137350525534899,"naive_post_knowledge","294",1.21914888940302,-0.266180768214477
"J5658","naive","post_knowledge","J5658 post_knowledge",58,23,58,0,0,NA,"naive_post_knowledge","295",-0.16015692031887,-0.17585372526921
"J595","naive","post_knowledge","J595 post_knowledge",2,28,36,0,0,NA,"naive_post_knowledge","296",-0.837710651410325,-0.15208345080993
"J5999","naive","post_knowledge","J5999 post_knowledge",16,9,29,6,0.161700538066149,0.0269500896776915,"naive_post_knowledge","297",-0.668322218637461,-0.242410493755196
"J6000","naive","post_knowledge","J6000 post_knowledge",67,11,35,31,0.868170326176685,0.0280054943927963,"naive_post_knowledge","298",-0.0512643563934572,-0.232902383971484
"J6014","naive","post_knowledge","J6014 post_knowledge",8,4,NA,12,0.262481181793172,0.0218734318160977,"naive_post_knowledge","299",-0.765115608793383,-0.266180768214477
"J6017","naive","post_knowledge","J6017 post_knowledge",24,38,129,21,0.650402141794933,0.0309715305616635,"naive_post_knowledge","300",-0.571528828481539,-0.104542901891369
"J6023","naive","post_knowledge","J6023 post_knowledge",8,1,NA,9,0.2138403710402,0.0237600412266889,"naive_post_knowledge","301",-0.765115608793383,-0.280442932890045
"J6024","naive","post_knowledge","J6024 post_knowledge",33,0,2,13,0.269539294684644,0.0207337918988187,"naive_post_knowledge","302",-0.462636264556127,-0.285196987781901
"J6027","naive","post_knowledge","J6027 post_knowledge",35,0,2,16,0.366090433431147,0.0228806520894467,"naive_post_knowledge","303",-0.438437917017146,-0.285196987781901
"J640","naive","post_knowledge","J640 post_knowledge",9,36,3,4,0.172283176593521,0.0430707941483804,"naive_post_knowledge","304",-0.753016435023893,-0.114051011675081
"J664","knowledgeable","post_knowledge","J664 post_knowledge",366,488,221,90,0.88219707260109,0.00980218969556767,"knowledgeable_post_knowledge","305",3.56638860068414,2.03478179944389
"J910","naive","post_knowledge","J910 post_knowledge",13,1,NA,4,0.17430012310282,0.0435750307757051,"naive_post_knowledge","306",-0.704619739945932,-0.280442932890045
"J971","naive","post_knowledge","J971 post_knowledge",25,1,NA,15,0.293995181879395,0.0195996787919597,"naive_post_knowledge","307",-0.559429654712049,-0.280442932890045
"J990","naive","post_knowledge","J990 post_knowledge",31,0,1,17,0.783424002177218,0.046083764833954,"naive_post_knowledge","308",-0.486834612095107,-0.285196987781901
