"JID","knowledge","phase","feeder","visit_number"
"J1001","naive","post_knowledge","visit_number_LK",156
"J1001","naive","post_knowledge","visit_number_HK",260
"J1046","knowledgeable","post_knowledge","visit_number_LK",198
"J1046","knowledgeable","post_knowledge","visit_number_HK",482
"J1057","naive","post_knowledge","visit_number_LK",210
"J1057","naive","post_knowledge","visit_number_HK",21
"J1076","naive","post_knowledge","visit_number_LK",1
"J1076","naive","post_knowledge","visit_number_HK",0
"J1093","naive","post_knowledge","visit_number_LK",690
"J1093","naive","post_knowledge","visit_number_HK",1526
"J1096","naive","post_knowledge","visit_number_LK",149
"J1096","naive","post_knowledge","visit_number_HK",48
"J1097","naive","post_knowledge","visit_number_LK",1
"J1097","naive","post_knowledge","visit_number_HK",0
"J1154","naive","post_knowledge","visit_number_LK",45
"J1154","naive","post_knowledge","visit_number_HK",14
"J1222","naive","post_knowledge","visit_number_LK",32
"J1222","naive","post_knowledge","visit_number_HK",21
"J1266","naive","post_knowledge","visit_number_LK",0
"J1266","naive","post_knowledge","visit_number_HK",0
"J1317","naive","post_knowledge","visit_number_LK",436
"J1317","naive","post_knowledge","visit_number_HK",132
"J1318","naive","post_knowledge","visit_number_LK",0
"J1318","naive","post_knowledge","visit_number_HK",0
"J1323","naive","post_knowledge","visit_number_LK",13
"J1323","naive","post_knowledge","visit_number_HK",6
"J1345","naive","post_knowledge","visit_number_LK",36
"J1345","naive","post_knowledge","visit_number_HK",4
"J1351","naive","post_knowledge","visit_number_LK",22
"J1351","naive","post_knowledge","visit_number_HK",8
"J1366","naive","post_knowledge","visit_number_LK",0
"J1366","naive","post_knowledge","visit_number_HK",2
"J1368","naive","post_knowledge","visit_number_LK",167
"J1368","naive","post_knowledge","visit_number_HK",236
"J1392","naive","post_knowledge","visit_number_LK",51
"J1392","naive","post_knowledge","visit_number_HK",24
"J1458","naive","post_knowledge","visit_number_LK",68
"J1458","naive","post_knowledge","visit_number_HK",21
"J1463","naive","post_knowledge","visit_number_LK",260
"J1463","naive","post_knowledge","visit_number_HK",555
"J1480","knowledgeable","post_knowledge","visit_number_LK",124
"J1480","knowledgeable","post_knowledge","visit_number_HK",282
"J1529","knowledgeable","post_knowledge","visit_number_LK",170
"J1529","knowledgeable","post_knowledge","visit_number_HK",571
"J1556","knowledgeable","post_knowledge","visit_number_LK",0
"J1556","knowledgeable","post_knowledge","visit_number_HK",3
"J1618","naive","post_knowledge","visit_number_LK",16
"J1618","naive","post_knowledge","visit_number_HK",26
"J1623","naive","post_knowledge","visit_number_LK",51
"J1623","naive","post_knowledge","visit_number_HK",11
"J1627","knowledgeable","post_knowledge","visit_number_LK",58
"J1627","knowledgeable","post_knowledge","visit_number_HK",621
"J1631","knowledgeable","post_knowledge","visit_number_LK",68
"J1631","knowledgeable","post_knowledge","visit_number_HK",375
"J164","naive","post_knowledge","visit_number_LK",1
"J164","naive","post_knowledge","visit_number_HK",2
"J1735","naive","post_knowledge","visit_number_LK",69
"J1735","naive","post_knowledge","visit_number_HK",2
"J1902","naive","post_knowledge","visit_number_LK",205
"J1902","naive","post_knowledge","visit_number_HK",167
"J1916","naive","post_knowledge","visit_number_LK",327
"J1916","naive","post_knowledge","visit_number_HK",405
"J1962","naive","post_knowledge","visit_number_LK",38
"J1962","naive","post_knowledge","visit_number_HK",1
"J1964","naive","post_knowledge","visit_number_LK",9
"J1964","naive","post_knowledge","visit_number_HK",21
"J1973","naive","post_knowledge","visit_number_LK",550
"J1973","naive","post_knowledge","visit_number_HK",368
"J2039","naive","post_knowledge","visit_number_LK",214
"J2039","naive","post_knowledge","visit_number_HK",152
"J2077","naive","post_knowledge","visit_number_LK",0
"J2077","naive","post_knowledge","visit_number_HK",0
"J2079","naive","post_knowledge","visit_number_LK",0
"J2079","naive","post_knowledge","visit_number_HK",0
"J2115","naive","post_knowledge","visit_number_LK",1
"J2115","naive","post_knowledge","visit_number_HK",5
"J2124","naive","post_knowledge","visit_number_LK",116
"J2124","naive","post_knowledge","visit_number_HK",83
"J2128","knowledgeable","post_knowledge","visit_number_LK",233
"J2128","knowledgeable","post_knowledge","visit_number_HK",424
"J2149","naive","post_knowledge","visit_number_LK",25
"J2149","naive","post_knowledge","visit_number_HK",4
"J2168","naive","post_knowledge","visit_number_LK",338
"J2168","naive","post_knowledge","visit_number_HK",38
"J2196","naive","post_knowledge","visit_number_LK",182
"J2196","naive","post_knowledge","visit_number_HK",39
"J2197","naive","post_knowledge","visit_number_LK",5
"J2197","naive","post_knowledge","visit_number_HK",5
"J2375","naive","post_knowledge","visit_number_LK",221
"J2375","naive","post_knowledge","visit_number_HK",50
"J2377","naive","post_knowledge","visit_number_LK",104
"J2377","naive","post_knowledge","visit_number_HK",41
"J2392","naive","post_knowledge","visit_number_LK",292
"J2392","naive","post_knowledge","visit_number_HK",54
"J2395","naive","post_knowledge","visit_number_LK",75
"J2395","naive","post_knowledge","visit_number_HK",91
"J2396","naive","post_knowledge","visit_number_LK",9
"J2396","naive","post_knowledge","visit_number_HK",2
"J2415","naive","post_knowledge","visit_number_LK",19
"J2415","naive","post_knowledge","visit_number_HK",7
"J2488","naive","post_knowledge","visit_number_LK",0
"J2488","naive","post_knowledge","visit_number_HK",2
"J2563","naive","post_knowledge","visit_number_LK",28
"J2563","naive","post_knowledge","visit_number_HK",42
"J2572","naive","post_knowledge","visit_number_LK",3
"J2572","naive","post_knowledge","visit_number_HK",0
"J2619","naive","post_knowledge","visit_number_LK",4
"J2619","naive","post_knowledge","visit_number_HK",6
"J2621","naive","post_knowledge","visit_number_LK",121
"J2621","naive","post_knowledge","visit_number_HK",24
"J2661","naive","post_knowledge","visit_number_LK",39
"J2661","naive","post_knowledge","visit_number_HK",31
"J2680","naive","post_knowledge","visit_number_LK",2
"J2680","naive","post_knowledge","visit_number_HK",0
"J2701","naive","post_knowledge","visit_number_LK",211
"J2701","naive","post_knowledge","visit_number_HK",96
"J2728","naive","post_knowledge","visit_number_LK",0
"J2728","naive","post_knowledge","visit_number_HK",0
"J2759","naive","post_knowledge","visit_number_LK",5
"J2759","naive","post_knowledge","visit_number_HK",1
"J2783","naive","post_knowledge","visit_number_LK",0
"J2783","naive","post_knowledge","visit_number_HK",0
"J2801","naive","post_knowledge","visit_number_LK",104
"J2801","naive","post_knowledge","visit_number_HK",55
"J2941","naive","post_knowledge","visit_number_LK",664
"J2941","naive","post_knowledge","visit_number_HK",821
"J295","naive","post_knowledge","visit_number_LK",38
"J295","naive","post_knowledge","visit_number_HK",25
"J2952","naive","post_knowledge","visit_number_LK",138
"J2952","naive","post_knowledge","visit_number_HK",78
"J2961","naive","post_knowledge","visit_number_LK",340
"J2961","naive","post_knowledge","visit_number_HK",286
"J2969","naive","post_knowledge","visit_number_LK",14
"J2969","naive","post_knowledge","visit_number_HK",10
"J2986","naive","post_knowledge","visit_number_LK",49
"J2986","naive","post_knowledge","visit_number_HK",68
"J3029","naive","post_knowledge","visit_number_LK",0
"J3029","naive","post_knowledge","visit_number_HK",1
"J3052","naive","post_knowledge","visit_number_LK",0
"J3052","naive","post_knowledge","visit_number_HK",2
"J3076","naive","post_knowledge","visit_number_LK",0
"J3076","naive","post_knowledge","visit_number_HK",3
"J3096","naive","post_knowledge","visit_number_LK",3
"J3096","naive","post_knowledge","visit_number_HK",8
"J3148","naive","post_knowledge","visit_number_LK",448
"J3148","naive","post_knowledge","visit_number_HK",124
"J3160","naive","post_knowledge","visit_number_LK",0
"J3160","naive","post_knowledge","visit_number_HK",0
"J3228","naive","post_knowledge","visit_number_LK",0
"J3228","naive","post_knowledge","visit_number_HK",2
"J3243","naive","post_knowledge","visit_number_LK",0
"J3243","naive","post_knowledge","visit_number_HK",2
"J3305","naive","post_knowledge","visit_number_LK",736
"J3305","naive","post_knowledge","visit_number_HK",578
"J3369","naive","post_knowledge","visit_number_LK",6
"J3369","naive","post_knowledge","visit_number_HK",3
"J3378","naive","post_knowledge","visit_number_LK",3
"J3378","naive","post_knowledge","visit_number_HK",0
"J338","naive","post_knowledge","visit_number_LK",49
"J338","naive","post_knowledge","visit_number_HK",8
"J3383","naive","post_knowledge","visit_number_LK",2
"J3383","naive","post_knowledge","visit_number_HK",2
"J3462","naive","post_knowledge","visit_number_LK",25
"J3462","naive","post_knowledge","visit_number_HK",9
"J3492","naive","post_knowledge","visit_number_LK",2
"J3492","naive","post_knowledge","visit_number_HK",0
"J3508","naive","post_knowledge","visit_number_LK",321
"J3508","naive","post_knowledge","visit_number_HK",67
"J3526","naive","post_knowledge","visit_number_LK",54
"J3526","naive","post_knowledge","visit_number_HK",17
"J3549","naive","post_knowledge","visit_number_LK",0
"J3549","naive","post_knowledge","visit_number_HK",0
"J3610","naive","post_knowledge","visit_number_LK",0
"J3610","naive","post_knowledge","visit_number_HK",1
"J3631","naive","post_knowledge","visit_number_LK",9
"J3631","naive","post_knowledge","visit_number_HK",1
"J3639","naive","post_knowledge","visit_number_LK",2
"J3639","naive","post_knowledge","visit_number_HK",0
"J3655","naive","post_knowledge","visit_number_LK",1
"J3655","naive","post_knowledge","visit_number_HK",0
"J3679","naive","post_knowledge","visit_number_LK",1
"J3679","naive","post_knowledge","visit_number_HK",1
"J3693","naive","post_knowledge","visit_number_LK",0
"J3693","naive","post_knowledge","visit_number_HK",1
"J3699","naive","post_knowledge","visit_number_LK",2
"J3699","naive","post_knowledge","visit_number_HK",4
"J3702","naive","post_knowledge","visit_number_LK",89
"J3702","naive","post_knowledge","visit_number_HK",9
"J3714","naive","post_knowledge","visit_number_LK",92
"J3714","naive","post_knowledge","visit_number_HK",17
"J3715","naive","post_knowledge","visit_number_LK",26
"J3715","naive","post_knowledge","visit_number_HK",26
"J3716","naive","post_knowledge","visit_number_LK",172
"J3716","naive","post_knowledge","visit_number_HK",58
"J3718","naive","post_knowledge","visit_number_LK",3
"J3718","naive","post_knowledge","visit_number_HK",0
"J3740","naive","post_knowledge","visit_number_LK",0
"J3740","naive","post_knowledge","visit_number_HK",0
"J3745","naive","post_knowledge","visit_number_LK",163
"J3745","naive","post_knowledge","visit_number_HK",7
"J3749","naive","post_knowledge","visit_number_LK",1
"J3749","naive","post_knowledge","visit_number_HK",1
"J3753","naive","post_knowledge","visit_number_LK",199
"J3753","naive","post_knowledge","visit_number_HK",24
"J3759","knowledgeable","post_knowledge","visit_number_LK",28
"J3759","knowledgeable","post_knowledge","visit_number_HK",8
"J3765A","naive","post_knowledge","visit_number_LK",1
"J3765A","naive","post_knowledge","visit_number_HK",0
"J3769","knowledgeable","post_knowledge","visit_number_LK",102
"J3769","knowledgeable","post_knowledge","visit_number_HK",831
"J3775","naive","post_knowledge","visit_number_LK",3
"J3775","naive","post_knowledge","visit_number_HK",0
"J3777","naive","post_knowledge","visit_number_LK",21
"J3777","naive","post_knowledge","visit_number_HK",9
"J3792","naive","post_knowledge","visit_number_LK",1
"J3792","naive","post_knowledge","visit_number_HK",0
"J3811","naive","post_knowledge","visit_number_LK",1
"J3811","naive","post_knowledge","visit_number_HK",4
"J3822","naive","post_knowledge","visit_number_LK",4
"J3822","naive","post_knowledge","visit_number_HK",1
"J3845","naive","post_knowledge","visit_number_LK",1
"J3845","naive","post_knowledge","visit_number_HK",0
"J3880","naive","post_knowledge","visit_number_LK",1
"J3880","naive","post_knowledge","visit_number_HK",0
"J3884","naive","post_knowledge","visit_number_LK",177
"J3884","naive","post_knowledge","visit_number_HK",49
"J3899","naive","post_knowledge","visit_number_LK",29
"J3899","naive","post_knowledge","visit_number_HK",14
"J3987","knowledgeable","post_knowledge","visit_number_LK",154
"J3987","knowledgeable","post_knowledge","visit_number_HK",225
"J4001","naive","post_knowledge","visit_number_LK",5
"J4001","naive","post_knowledge","visit_number_HK",1
"J4011","naive","post_knowledge","visit_number_LK",245
"J4011","naive","post_knowledge","visit_number_HK",25
"J4044","naive","post_knowledge","visit_number_LK",393
"J4044","naive","post_knowledge","visit_number_HK",199
"J4046","naive","post_knowledge","visit_number_LK",17
"J4046","naive","post_knowledge","visit_number_HK",6
"J41","naive","post_knowledge","visit_number_LK",7
"J41","naive","post_knowledge","visit_number_HK",6
"J4104","naive","post_knowledge","visit_number_LK",559
"J4104","naive","post_knowledge","visit_number_HK",148
"J4109","naive","post_knowledge","visit_number_LK",0
"J4109","naive","post_knowledge","visit_number_HK",0
"J4112","naive","post_knowledge","visit_number_LK",97
"J4112","naive","post_knowledge","visit_number_HK",21
"J4126","naive","post_knowledge","visit_number_LK",1
"J4126","naive","post_knowledge","visit_number_HK",0
"J4151","naive","post_knowledge","visit_number_LK",474
"J4151","naive","post_knowledge","visit_number_HK",192
"J4161","naive","post_knowledge","visit_number_LK",43
"J4161","naive","post_knowledge","visit_number_HK",20
"J4162","knowledgeable","post_knowledge","visit_number_LK",12
"J4162","knowledgeable","post_knowledge","visit_number_HK",162
"J4171","naive","post_knowledge","visit_number_LK",2
"J4171","naive","post_knowledge","visit_number_HK",0
"J4189","naive","post_knowledge","visit_number_LK",2
"J4189","naive","post_knowledge","visit_number_HK",3
"J42","naive","post_knowledge","visit_number_LK",71
"J42","naive","post_knowledge","visit_number_HK",190
"J4214","naive","post_knowledge","visit_number_LK",15
"J4214","naive","post_knowledge","visit_number_HK",11
"J4266","naive","post_knowledge","visit_number_LK",0
"J4266","naive","post_knowledge","visit_number_HK",2
"J4304","knowledgeable","post_knowledge","visit_number_LK",276
"J4304","knowledgeable","post_knowledge","visit_number_HK",1195
"J4315","knowledgeable","post_knowledge","visit_number_LK",205
"J4315","knowledgeable","post_knowledge","visit_number_HK",1198
"J4345","naive","post_knowledge","visit_number_LK",5
"J4345","naive","post_knowledge","visit_number_HK",15
"J4475","naive","post_knowledge","visit_number_LK",1
"J4475","naive","post_knowledge","visit_number_HK",0
"J4510","naive","post_knowledge","visit_number_LK",0
"J4510","naive","post_knowledge","visit_number_HK",0
"J4514","knowledgeable","post_knowledge","visit_number_LK",197
"J4514","knowledgeable","post_knowledge","visit_number_HK",454
"J4521","knowledgeable","post_knowledge","visit_number_LK",75
"J4521","knowledgeable","post_knowledge","visit_number_HK",47
"J4552","naive","post_knowledge","visit_number_LK",8
"J4552","naive","post_knowledge","visit_number_HK",15
"J4569","naive","post_knowledge","visit_number_LK",20
"J4569","naive","post_knowledge","visit_number_HK",7
"J4591","naive","post_knowledge","visit_number_LK",1
"J4591","naive","post_knowledge","visit_number_HK",0
"J4601","knowledgeable","post_knowledge","visit_number_LK",51
"J4601","knowledgeable","post_knowledge","visit_number_HK",168
"J4634","naive","post_knowledge","visit_number_LK",48
"J4634","naive","post_knowledge","visit_number_HK",9
"J4651","naive","post_knowledge","visit_number_LK",43
"J4651","naive","post_knowledge","visit_number_HK",23
"J4654","naive","post_knowledge","visit_number_LK",233
"J4654","naive","post_knowledge","visit_number_HK",46
"J4684","naive","post_knowledge","visit_number_LK",1
"J4684","naive","post_knowledge","visit_number_HK",0
"J4715","naive","post_knowledge","visit_number_LK",12
"J4715","naive","post_knowledge","visit_number_HK",11
"J4728","naive","post_knowledge","visit_number_LK",1
"J4728","naive","post_knowledge","visit_number_HK",0
"J4731","naive","post_knowledge","visit_number_LK",8
"J4731","naive","post_knowledge","visit_number_HK",5
"J4747","naive","post_knowledge","visit_number_LK",265
"J4747","naive","post_knowledge","visit_number_HK",48
"J4752","naive","post_knowledge","visit_number_LK",10
"J4752","naive","post_knowledge","visit_number_HK",15
"J4770","naive","post_knowledge","visit_number_LK",45
"J4770","naive","post_knowledge","visit_number_HK",19
"J4776","naive","post_knowledge","visit_number_LK",181
"J4776","naive","post_knowledge","visit_number_HK",33
"J4782","naive","post_knowledge","visit_number_LK",76
"J4782","naive","post_knowledge","visit_number_HK",35
"J4819","naive","post_knowledge","visit_number_LK",41
"J4819","naive","post_knowledge","visit_number_HK",13
"J4836","naive","post_knowledge","visit_number_LK",3
"J4836","naive","post_knowledge","visit_number_HK",3
"J4840","naive","post_knowledge","visit_number_LK",10
"J4840","naive","post_knowledge","visit_number_HK",5
"J494","naive","post_knowledge","visit_number_LK",0
"J494","naive","post_knowledge","visit_number_HK",2
"J4951","naive","post_knowledge","visit_number_LK",279
"J4951","naive","post_knowledge","visit_number_HK",42
"J4954","naive","post_knowledge","visit_number_LK",38
"J4954","naive","post_knowledge","visit_number_HK",33
"J4961","naive","post_knowledge","visit_number_LK",53
"J4961","naive","post_knowledge","visit_number_HK",16
"J4962","naive","post_knowledge","visit_number_LK",10
"J4962","naive","post_knowledge","visit_number_HK",3
"J4967","knowledgeable","post_knowledge","visit_number_LK",382
"J4967","knowledgeable","post_knowledge","visit_number_HK",1435
"J4968","naive","post_knowledge","visit_number_LK",5
"J4968","naive","post_knowledge","visit_number_HK",2
"J4972","naive","post_knowledge","visit_number_LK",0
"J4972","naive","post_knowledge","visit_number_HK",1
"J4975","naive","post_knowledge","visit_number_LK",0
"J4975","naive","post_knowledge","visit_number_HK",1
"J4982","naive","post_knowledge","visit_number_LK",242
"J4982","naive","post_knowledge","visit_number_HK",113
"J4986","naive","post_knowledge","visit_number_LK",17
"J4986","naive","post_knowledge","visit_number_HK",15
"J4998","naive","post_knowledge","visit_number_LK",3
"J4998","naive","post_knowledge","visit_number_HK",0
"J5006","naive","post_knowledge","visit_number_LK",43
"J5006","naive","post_knowledge","visit_number_HK",61
"J5012","naive","post_knowledge","visit_number_LK",100
"J5012","naive","post_knowledge","visit_number_HK",74
"J5017","naive","post_knowledge","visit_number_LK",121
"J5017","naive","post_knowledge","visit_number_HK",77
"J5021","naive","post_knowledge","visit_number_LK",12
"J5021","naive","post_knowledge","visit_number_HK",12
"J5022","naive","post_knowledge","visit_number_LK",1
"J5022","naive","post_knowledge","visit_number_HK",2
"J5043","naive","post_knowledge","visit_number_LK",55
"J5043","naive","post_knowledge","visit_number_HK",9
"J5045","naive","post_knowledge","visit_number_LK",1
"J5045","naive","post_knowledge","visit_number_HK",5
"J505","naive","post_knowledge","visit_number_LK",378
"J505","naive","post_knowledge","visit_number_HK",219
"J5050","naive","post_knowledge","visit_number_LK",12
"J5050","naive","post_knowledge","visit_number_HK",3
"J5053","knowledgeable","post_knowledge","visit_number_LK",142
"J5053","knowledgeable","post_knowledge","visit_number_HK",406
"J5056","naive","post_knowledge","visit_number_LK",79
"J5056","naive","post_knowledge","visit_number_HK",39
"J5068","naive","post_knowledge","visit_number_LK",1
"J5068","naive","post_knowledge","visit_number_HK",0
"J5074","knowledgeable","post_knowledge","visit_number_LK",15
"J5074","knowledgeable","post_knowledge","visit_number_HK",17
"J5084","naive","post_knowledge","visit_number_LK",36
"J5084","naive","post_knowledge","visit_number_HK",46
"J5087","naive","post_knowledge","visit_number_LK",490
"J5087","naive","post_knowledge","visit_number_HK",77
"J5089","knowledgeable","post_knowledge","visit_number_LK",162
"J5089","knowledgeable","post_knowledge","visit_number_HK",417
"J5090","naive","post_knowledge","visit_number_LK",0
"J5090","naive","post_knowledge","visit_number_HK",0
"J5095","naive","post_knowledge","visit_number_LK",2
"J5095","naive","post_knowledge","visit_number_HK",2
"J5098","naive","post_knowledge","visit_number_LK",1
"J5098","naive","post_knowledge","visit_number_HK",10
"J5106","naive","post_knowledge","visit_number_LK",2
"J5106","naive","post_knowledge","visit_number_HK",1
"J5121","knowledgeable","post_knowledge","visit_number_LK",54
"J5121","knowledgeable","post_knowledge","visit_number_HK",166
"J5132","naive","post_knowledge","visit_number_LK",1
"J5132","naive","post_knowledge","visit_number_HK",0
"J5146","knowledgeable","post_knowledge","visit_number_LK",535
"J5146","knowledgeable","post_knowledge","visit_number_HK",1865
"J5167","naive","post_knowledge","visit_number_LK",687
"J5167","naive","post_knowledge","visit_number_HK",74
"J5184","naive","post_knowledge","visit_number_LK",4
"J5184","naive","post_knowledge","visit_number_HK",12
"J5185","naive","post_knowledge","visit_number_LK",0
"J5185","naive","post_knowledge","visit_number_HK",0
"J5215","naive","post_knowledge","visit_number_LK",123
"J5215","naive","post_knowledge","visit_number_HK",31
"J5222","naive","post_knowledge","visit_number_LK",29
"J5222","naive","post_knowledge","visit_number_HK",11
"J5234","naive","post_knowledge","visit_number_LK",2
"J5234","naive","post_knowledge","visit_number_HK",0
"J5238","naive","post_knowledge","visit_number_LK",1
"J5238","naive","post_knowledge","visit_number_HK",4
"J5250","knowledgeable","post_knowledge","visit_number_LK",7
"J5250","knowledgeable","post_knowledge","visit_number_HK",3
"J5255","naive","post_knowledge","visit_number_LK",2
"J5255","naive","post_knowledge","visit_number_HK",6
"J5269","naive","post_knowledge","visit_number_LK",4
"J5269","naive","post_knowledge","visit_number_HK",10
"J5271","naive","post_knowledge","visit_number_LK",20
"J5271","naive","post_knowledge","visit_number_HK",24
"J5309","naive","post_knowledge","visit_number_LK",24
"J5309","naive","post_knowledge","visit_number_HK",4
"J5316","naive","post_knowledge","visit_number_LK",534
"J5316","naive","post_knowledge","visit_number_HK",104
"J5334","naive","post_knowledge","visit_number_LK",2
"J5334","naive","post_knowledge","visit_number_HK",3
"J5379","naive","post_knowledge","visit_number_LK",179
"J5379","naive","post_knowledge","visit_number_HK",33
"J5428","naive","post_knowledge","visit_number_LK",4
"J5428","naive","post_knowledge","visit_number_HK",2
"J5456","naive","post_knowledge","visit_number_LK",28
"J5456","naive","post_knowledge","visit_number_HK",3
"J5474","naive","post_knowledge","visit_number_LK",13
"J5474","naive","post_knowledge","visit_number_HK",0
"J5475","naive","post_knowledge","visit_number_LK",129
"J5475","naive","post_knowledge","visit_number_HK",36
"J5476","naive","post_knowledge","visit_number_LK",6
"J5476","naive","post_knowledge","visit_number_HK",13
"J5477","naive","post_knowledge","visit_number_LK",292
"J5477","naive","post_knowledge","visit_number_HK",62
"J5488","naive","post_knowledge","visit_number_LK",0
"J5488","naive","post_knowledge","visit_number_HK",1
"J5489","naive","post_knowledge","visit_number_LK",220
"J5489","naive","post_knowledge","visit_number_HK",35
"J5495","naive","post_knowledge","visit_number_LK",3
"J5495","naive","post_knowledge","visit_number_HK",0
"J5498","naive","post_knowledge","visit_number_LK",20
"J5498","naive","post_knowledge","visit_number_HK",3
"J5502","naive","post_knowledge","visit_number_LK",0
"J5502","naive","post_knowledge","visit_number_HK",1
"J5503","naive","post_knowledge","visit_number_LK",3
"J5503","naive","post_knowledge","visit_number_HK",0
"J5519","naive","post_knowledge","visit_number_LK",14
"J5519","naive","post_knowledge","visit_number_HK",4
"J5526","naive","post_knowledge","visit_number_LK",1
"J5526","naive","post_knowledge","visit_number_HK",1
"J5527","naive","post_knowledge","visit_number_LK",0
"J5527","naive","post_knowledge","visit_number_HK",1
"J5540","naive","post_knowledge","visit_number_LK",1
"J5540","naive","post_knowledge","visit_number_HK",0
"J5546","naive","post_knowledge","visit_number_LK",0
"J5546","naive","post_knowledge","visit_number_HK",1
"J5548","naive","post_knowledge","visit_number_LK",3
"J5548","naive","post_knowledge","visit_number_HK",0
"J5559","naive","post_knowledge","visit_number_LK",11
"J5559","naive","post_knowledge","visit_number_HK",17
"J5566","naive","post_knowledge","visit_number_LK",25
"J5566","naive","post_knowledge","visit_number_HK",17
"J5568","knowledgeable","post_knowledge","visit_number_LK",31
"J5568","knowledgeable","post_knowledge","visit_number_HK",38
"J5570","naive","post_knowledge","visit_number_LK",0
"J5570","naive","post_knowledge","visit_number_HK",1
"J55774","naive","post_knowledge","visit_number_LK",2
"J55774","naive","post_knowledge","visit_number_HK",1
"J558","naive","post_knowledge","visit_number_LK",1
"J558","naive","post_knowledge","visit_number_HK",0
"J5582","naive","post_knowledge","visit_number_LK",35
"J5582","naive","post_knowledge","visit_number_HK",6
"J5583","naive","post_knowledge","visit_number_LK",14
"J5583","naive","post_knowledge","visit_number_HK",4
"J5584","naive","post_knowledge","visit_number_LK",1
"J5584","naive","post_knowledge","visit_number_HK",0
"J5595","naive","post_knowledge","visit_number_LK",16
"J5595","naive","post_knowledge","visit_number_HK",28
"J5596","naive","post_knowledge","visit_number_LK",0
"J5596","naive","post_knowledge","visit_number_HK",6
"J56","naive","post_knowledge","visit_number_LK",5
"J56","naive","post_knowledge","visit_number_HK",1
"J5607","naive","post_knowledge","visit_number_LK",213
"J5607","naive","post_knowledge","visit_number_HK",48
"J5618","naive","post_knowledge","visit_number_LK",0
"J5618","naive","post_knowledge","visit_number_HK",1
"J5626","naive","post_knowledge","visit_number_LK",0
"J5626","naive","post_knowledge","visit_number_HK",1
"J563","naive","post_knowledge","visit_number_LK",8
"J563","naive","post_knowledge","visit_number_HK",0
"J5639","naive","post_knowledge","visit_number_LK",0
"J5639","naive","post_knowledge","visit_number_HK",1
"J5645","naive","post_knowledge","visit_number_LK",64
"J5645","naive","post_knowledge","visit_number_HK",29
"J5649","naive","post_knowledge","visit_number_LK",9
"J5649","naive","post_knowledge","visit_number_HK",4
"J5650","knowledgeable","post_knowledge","visit_number_LK",11
"J5650","knowledgeable","post_knowledge","visit_number_HK",12
"J5651","naive","post_knowledge","visit_number_LK",108
"J5651","naive","post_knowledge","visit_number_HK",21
"J5657A","naive","post_knowledge","visit_number_LK",4
"J5657A","naive","post_knowledge","visit_number_HK",4
"J5657B","naive","post_knowledge","visit_number_LK",1
"J5657B","naive","post_knowledge","visit_number_HK",7
"J5658","naive","post_knowledge","visit_number_LK",58
"J5658","naive","post_knowledge","visit_number_HK",23
"J5675B","naive","post_knowledge","visit_number_LK",6
"J5675B","naive","post_knowledge","visit_number_HK",18
"J5681A","naive","post_knowledge","visit_number_LK",1
"J5681A","naive","post_knowledge","visit_number_HK",1
"J5686","naive","post_knowledge","visit_number_LK",3
"J5686","naive","post_knowledge","visit_number_HK",3
"J5693","knowledgeable","post_knowledge","visit_number_LK",19
"J5693","knowledgeable","post_knowledge","visit_number_HK",8
"J5694","knowledgeable","post_knowledge","visit_number_LK",171
"J5694","knowledgeable","post_knowledge","visit_number_HK",569
"J5695","knowledgeable","post_knowledge","visit_number_LK",249
"J5695","knowledgeable","post_knowledge","visit_number_HK",448
"J5697","naive","post_knowledge","visit_number_LK",6
"J5697","naive","post_knowledge","visit_number_HK",3
"J5701","naive","post_knowledge","visit_number_LK",14
"J5701","naive","post_knowledge","visit_number_HK",11
"J5703","knowledgeable","post_knowledge","visit_number_LK",12
"J5703","knowledgeable","post_knowledge","visit_number_HK",22
"J5716B","naive","post_knowledge","visit_number_LK",4
"J5716B","naive","post_knowledge","visit_number_HK",4
"J5721","naive","post_knowledge","visit_number_LK",1
"J5721","naive","post_knowledge","visit_number_HK",0
"J5722","naive","post_knowledge","visit_number_LK",0
"J5722","naive","post_knowledge","visit_number_HK",2
"J5723A","naive","post_knowledge","visit_number_LK",22
"J5723A","naive","post_knowledge","visit_number_HK",8
"J5723B","naive","post_knowledge","visit_number_LK",2
"J5723B","naive","post_knowledge","visit_number_HK",2
"J5724","naive","post_knowledge","visit_number_LK",35
"J5724","naive","post_knowledge","visit_number_HK",47
"J5728A","naive","post_knowledge","visit_number_LK",10
"J5728A","naive","post_knowledge","visit_number_HK",6
"J5728B","naive","post_knowledge","visit_number_LK",30
"J5728B","naive","post_knowledge","visit_number_HK",21
"J5730","knowledgeable","post_knowledge","visit_number_LK",22
"J5730","knowledgeable","post_knowledge","visit_number_HK",263
"J5734","naive","post_knowledge","visit_number_LK",2
"J5734","naive","post_knowledge","visit_number_HK",0
"J5739B","naive","post_knowledge","visit_number_LK",0
"J5739B","naive","post_knowledge","visit_number_HK",1
"J5740","naive","post_knowledge","visit_number_LK",36
"J5740","naive","post_knowledge","visit_number_HK",18
"J5742","naive","post_knowledge","visit_number_LK",13
"J5742","naive","post_knowledge","visit_number_HK",2
"J5763","naive","post_knowledge","visit_number_LK",183
"J5763","naive","post_knowledge","visit_number_HK",40
"J5766","naive","post_knowledge","visit_number_LK",184
"J5766","naive","post_knowledge","visit_number_HK",110
"J5769","naive","post_knowledge","visit_number_LK",8
"J5769","naive","post_knowledge","visit_number_HK",10
"J5778","naive","post_knowledge","visit_number_LK",4
"J5778","naive","post_knowledge","visit_number_HK",3
"J5793","naive","post_knowledge","visit_number_LK",2
"J5793","naive","post_knowledge","visit_number_HK",1
"J5798","naive","post_knowledge","visit_number_LK",3
"J5798","naive","post_knowledge","visit_number_HK",0
"J5800","naive","post_knowledge","visit_number_LK",0
"J5800","naive","post_knowledge","visit_number_HK",1
"J5803","naive","post_knowledge","visit_number_LK",11
"J5803","naive","post_knowledge","visit_number_HK",8
"J5806","naive","post_knowledge","visit_number_LK",20
"J5806","naive","post_knowledge","visit_number_HK",30
"J5809","naive","post_knowledge","visit_number_LK",21
"J5809","naive","post_knowledge","visit_number_HK",6
"J5810","knowledgeable","post_knowledge","visit_number_LK",261
"J5810","knowledgeable","post_knowledge","visit_number_HK",878
"J5811","naive","post_knowledge","visit_number_LK",4
"J5811","naive","post_knowledge","visit_number_HK",6
"J5821","naive","post_knowledge","visit_number_LK",1
"J5821","naive","post_knowledge","visit_number_HK",4
"J5824","naive","post_knowledge","visit_number_LK",1
"J5824","naive","post_knowledge","visit_number_HK",0
"J5827","naive","post_knowledge","visit_number_LK",259
"J5827","naive","post_knowledge","visit_number_HK",112
"J5833","naive","post_knowledge","visit_number_LK",30
"J5833","naive","post_knowledge","visit_number_HK",6
"J5834","naive","post_knowledge","visit_number_LK",5
"J5834","naive","post_knowledge","visit_number_HK",0
"J5836","naive","post_knowledge","visit_number_LK",0
"J5836","naive","post_knowledge","visit_number_HK",3
"J5867","naive","post_knowledge","visit_number_LK",0
"J5867","naive","post_knowledge","visit_number_HK",1
"J5872","naive","post_knowledge","visit_number_LK",0
"J5872","naive","post_knowledge","visit_number_HK",2
"J5874","naive","post_knowledge","visit_number_LK",188
"J5874","naive","post_knowledge","visit_number_HK",111
"J5888","naive","post_knowledge","visit_number_LK",49
"J5888","naive","post_knowledge","visit_number_HK",20
"J5895","naive","post_knowledge","visit_number_LK",1
"J5895","naive","post_knowledge","visit_number_HK",0
"J5922","naive","post_knowledge","visit_number_LK",87
"J5922","naive","post_knowledge","visit_number_HK",189
"J5923","naive","post_knowledge","visit_number_LK",2
"J5923","naive","post_knowledge","visit_number_HK",0
"J5926","naive","post_knowledge","visit_number_LK",4
"J5926","naive","post_knowledge","visit_number_HK",25
"J5939","naive","post_knowledge","visit_number_LK",470
"J5939","naive","post_knowledge","visit_number_HK",122
"J595","naive","post_knowledge","visit_number_LK",36
"J595","naive","post_knowledge","visit_number_HK",28
"J5950","naive","post_knowledge","visit_number_LK",0
"J5950","naive","post_knowledge","visit_number_HK",1
"J5955","naive","post_knowledge","visit_number_LK",0
"J5955","naive","post_knowledge","visit_number_HK",1
"J5963","naive","post_knowledge","visit_number_LK",1109
"J5963","naive","post_knowledge","visit_number_HK",91
"J5964","naive","post_knowledge","visit_number_LK",664
"J5964","naive","post_knowledge","visit_number_HK",154
"J5965","naive","post_knowledge","visit_number_LK",1
"J5965","naive","post_knowledge","visit_number_HK",0
"J5967","naive","post_knowledge","visit_number_LK",1
"J5967","naive","post_knowledge","visit_number_HK",0
"J5969","naive","post_knowledge","visit_number_LK",2
"J5969","naive","post_knowledge","visit_number_HK",0
"J5971","naive","post_knowledge","visit_number_LK",1
"J5971","naive","post_knowledge","visit_number_HK",1
"J5977","naive","post_knowledge","visit_number_LK",0
"J5977","naive","post_knowledge","visit_number_HK",1
"J5978","naive","post_knowledge","visit_number_LK",3
"J5978","naive","post_knowledge","visit_number_HK",10
"J5986","naive","post_knowledge","visit_number_LK",2
"J5986","naive","post_knowledge","visit_number_HK",0
"J5994","naive","post_knowledge","visit_number_LK",17
"J5994","naive","post_knowledge","visit_number_HK",18
"J5999","naive","post_knowledge","visit_number_LK",29
"J5999","naive","post_knowledge","visit_number_HK",9
"J6000","naive","post_knowledge","visit_number_LK",35
"J6000","naive","post_knowledge","visit_number_HK",11
"J6014","naive","post_knowledge","visit_number_LK",0
"J6014","naive","post_knowledge","visit_number_HK",4
"J6017","naive","post_knowledge","visit_number_LK",129
"J6017","naive","post_knowledge","visit_number_HK",38
"J6022","naive","post_knowledge","visit_number_LK",0
"J6022","naive","post_knowledge","visit_number_HK",1
"J6023","naive","post_knowledge","visit_number_LK",0
"J6023","naive","post_knowledge","visit_number_HK",1
"J6024","naive","post_knowledge","visit_number_LK",2
"J6024","naive","post_knowledge","visit_number_HK",0
"J6025","naive","post_knowledge","visit_number_LK",0
"J6025","naive","post_knowledge","visit_number_HK",0
"J6026","naive","post_knowledge","visit_number_LK",1
"J6026","naive","post_knowledge","visit_number_HK",0
"J6027","naive","post_knowledge","visit_number_LK",2
"J6027","naive","post_knowledge","visit_number_HK",0
"J6033","naive","post_knowledge","visit_number_LK",1
"J6033","naive","post_knowledge","visit_number_HK",2
"J6034","naive","post_knowledge","visit_number_LK",0
"J6034","naive","post_knowledge","visit_number_HK",1
"J6035","naive","post_knowledge","visit_number_LK",1
"J6035","naive","post_knowledge","visit_number_HK",1
"J6036","naive","post_knowledge","visit_number_LK",7
"J6036","naive","post_knowledge","visit_number_HK",9
"J6037","naive","post_knowledge","visit_number_LK",8
"J6037","naive","post_knowledge","visit_number_HK",1
"J6038","naive","post_knowledge","visit_number_LK",0
"J6038","naive","post_knowledge","visit_number_HK",2
"J6040","naive","post_knowledge","visit_number_LK",0
"J6040","naive","post_knowledge","visit_number_HK",2
"J6042","naive","post_knowledge","visit_number_LK",5
"J6042","naive","post_knowledge","visit_number_HK",6
"J6043","naive","post_knowledge","visit_number_LK",44
"J6043","naive","post_knowledge","visit_number_HK",4
"J6045","naive","post_knowledge","visit_number_LK",3
"J6045","naive","post_knowledge","visit_number_HK",0
"J6050","naive","post_knowledge","visit_number_LK",1
"J6050","naive","post_knowledge","visit_number_HK",0
"J6051","naive","post_knowledge","visit_number_LK",9
"J6051","naive","post_knowledge","visit_number_HK",25
"J6056","naive","post_knowledge","visit_number_LK",28
"J6056","naive","post_knowledge","visit_number_HK",22
"J6057","naive","post_knowledge","visit_number_LK",9
"J6057","naive","post_knowledge","visit_number_HK",9
"J6058","naive","post_knowledge","visit_number_LK",1
"J6058","naive","post_knowledge","visit_number_HK",4
"J625","naive","post_knowledge","visit_number_LK",3
"J625","naive","post_knowledge","visit_number_HK",0
"J640","naive","post_knowledge","visit_number_LK",3
"J640","naive","post_knowledge","visit_number_HK",36
"J664","knowledgeable","post_knowledge","visit_number_LK",221
"J664","knowledgeable","post_knowledge","visit_number_HK",488
"J831","knowledgeable","post_knowledge","visit_number_LK",81
"J831","knowledgeable","post_knowledge","visit_number_HK",62
"J856","naive","post_knowledge","visit_number_LK",24
"J856","naive","post_knowledge","visit_number_HK",2
"J910","naive","post_knowledge","visit_number_LK",0
"J910","naive","post_knowledge","visit_number_HK",1
"J930","naive","post_knowledge","visit_number_LK",0
"J930","naive","post_knowledge","visit_number_HK",0
"J933","naive","post_knowledge","visit_number_LK",3
"J933","naive","post_knowledge","visit_number_HK",5
"J971","naive","post_knowledge","visit_number_LK",0
"J971","naive","post_knowledge","visit_number_HK",1
"J972","naive","post_knowledge","visit_number_LK",176
"J972","naive","post_knowledge","visit_number_HK",33
"J990","naive","post_knowledge","visit_number_LK",1
"J990","naive","post_knowledge","visit_number_HK",0
