"id","trial","time","t_end","n_trial"
"J1001","tada1",87.9833333333333,86.9833,167
"J1001","tada2",120.9,119.9,167
"J1001","tada3",107.9,106.9,167
"J1001","tada4",113.15,112.15,167
"J1001","tada5",122.15,121.15,167
"J1001","tada6",132.2,131.2,167
"J1001","tada7",121.1,120.1,167
"J1001","tada8",111.65,110.65,167
"J1001","tada9",121.866666666667,120.866667,167
"J1001","tada10",131.5,130.5,167
"J1001","tada11",51.8666666666667,50.866667,167
"J1001","tada12",107.75,106.75,167
"J1001","tada13",111.65,110.65,167
"J1001","tada14",36.8,35.8,167
"J1057","tada1",87.9833333333333,86.9833,167
"J1057","tada2",120.9,119.9,167
"J1057","tada3",107.9,106.9,167
"J1057","tada4",113.15,112.15,167
"J1057","tada5",122.15,121.15,167
"J1057","tada6",132.2,131.2,167
"J1057","tada7",121.1,120.1,167
"J1057","tada8",111.65,110.65,167
"J1057","tada9",121.866666666667,120.866667,167
"J1057","tada10",131.5,130.5,167
"J1057","tada11",51.8666666666667,50.866667,167
"J1057","tada12",107.75,106.75,167
"J1057","tada13",111.65,110.65,167
"J1057","tada14",36.8,35.8,167
"J1075","tada1",87.9833333333333,86.9833,167
"J1075","tada2",120.9,119.9,167
"J1075","tada3",107.9,106.9,167
"J1075","tada4",113.15,112.15,167
"J1075","tada5",122.15,121.15,167
"J1075","tada6",132.2,131.2,167
"J1075","tada7",121.1,120.1,167
"J1075","tada8",111.65,110.65,167
"J1075","tada9",121.866666666667,120.866667,167
"J1075","tada10",131.5,130.5,167
"J1075","tada11",51.8666666666667,50.866667,167
"J1075","tada12",107.75,106.75,167
"J1075","tada13",111.65,110.65,167
"J1075","tada14",36.8,35.8,167
"J1093","tada1",87.9833333333333,86.9833,167
"J1093","tada2",120.9,119.9,167
"J1093","tada3",107.9,106.9,167
"J1093","tada4",113.15,112.15,167
"J1093","tada5",122.15,121.15,167
"J1093","tada6",132.2,131.2,167
"J1093","tada7",121.1,120.1,167
"J1093","tada8",111.65,110.65,167
"J1093","tada9",29.3722222222222,120.866667,167
"J1093","tada10",131.5,130.5,167
"J1093","tada11",51.8666666666667,50.866667,167
"J1093","tada12",107.75,106.75,167
"J1093","tada13",111.65,110.65,167
"J1093","tada14",36.8,35.8,167
"J1154","tada1",87.9833333333333,86.9833,167
"J1154","tada2",120.9,119.9,167
"J1154","tada3",107.9,106.9,167
"J1154","tada4",113.15,112.15,167
"J1154","tada5",122.15,121.15,167
"J1154","tada6",132.2,131.2,167
"J1154","tada7",121.1,120.1,167
"J1154","tada8",111.65,110.65,167
"J1154","tada9",121.866666666667,120.866667,167
"J1154","tada10",131.5,130.5,167
"J1154","tada11",51.8666666666667,50.866667,167
"J1154","tada12",107.75,106.75,167
"J1154","tada13",111.65,110.65,167
"J1154","tada14",24.8572222222222,35.8,167
"J1182","tada1",87.9833333333333,86.9833,167
"J1182","tada2",120.9,119.9,167
"J1182","tada3",107.9,106.9,167
"J1182","tada4",113.15,112.15,167
"J1182","tada5",122.15,121.15,167
"J1182","tada6",132.2,131.2,167
"J1182","tada7",121.1,120.1,167
"J1182","tada8",111.65,110.65,167
"J1182","tada9",121.866666666667,120.866667,167
"J1182","tada10",131.5,130.5,167
"J1182","tada11",51.8666666666667,50.866667,167
"J1182","tada12",107.75,106.75,167
"J1182","tada13",111.65,110.65,167
"J1182","tada14",36.8,35.8,167
"J1222","tada1",87.9833333333333,86.9833,167
"J1222","tada2",120.9,119.9,167
"J1222","tada3",107.9,106.9,167
"J1222","tada4",113.15,112.15,167
"J1222","tada5",122.15,121.15,167
"J1222","tada6",132.2,131.2,167
"J1222","tada7",121.1,120.1,167
"J1222","tada8",111.65,110.65,167
"J1222","tada9",121.866666666667,120.866667,167
"J1222","tada10",131.5,130.5,167
"J1222","tada11",51.8666666666667,50.866667,167
"J1222","tada12",107.75,106.75,167
"J1222","tada13",111.65,110.65,167
"J1222","tada14",36.8,35.8,167
"J1318","tada1",87.9833333333333,86.9833,167
"J1318","tada2",2.52333333333333,119.9,167
"J1318","tada3",107.9,106.9,167
"J1318","tada4",0.48,112.15,167
"J1318","tada5",122.15,121.15,167
"J1318","tada6",132.2,131.2,167
"J1318","tada7",121.1,120.1,167
"J1318","tada8",111.65,110.65,167
"J1318","tada9",121.866666666667,120.866667,167
"J1318","tada10",131.5,130.5,167
"J1318","tada11",51.8666666666667,50.866667,167
"J1318","tada12",107.75,106.75,167
"J1318","tada13",111.65,110.65,167
"J1318","tada14",36.8,35.8,167
"J1323","tada1",87.9833333333333,86.9833,167
"J1323","tada2",120.9,119.9,167
"J1323","tada3",107.9,106.9,167
"J1323","tada4",113.15,112.15,167
"J1323","tada5",122.15,121.15,167
"J1323","tada6",132.2,131.2,167
"J1323","tada7",121.1,120.1,167
"J1323","tada8",111.65,110.65,167
"J1323","tada9",121.866666666667,120.866667,167
"J1323","tada10",131.5,130.5,167
"J1323","tada11",51.8666666666667,50.866667,167
"J1323","tada12",107.75,106.75,167
"J1323","tada13",111.65,110.65,167
"J1323","tada14",36.8,35.8,167
"J1345","tada1",87.9833333333333,86.9833,167
"J1345","tada2",120.9,119.9,167
"J1345","tada3",107.9,106.9,167
"J1345","tada4",113.15,112.15,167
"J1345","tada5",122.15,121.15,167
"J1345","tada6",132.2,131.2,167
"J1345","tada7",121.1,120.1,167
"J1345","tada8",111.65,110.65,167
"J1345","tada9",121.866666666667,120.866667,167
"J1345","tada10",131.5,130.5,167
"J1345","tada11",51.8666666666667,50.866667,167
"J1345","tada12",107.75,106.75,167
"J1345","tada13",111.65,110.65,167
"J1345","tada14",24.7552777777778,35.8,167
"J1351","tada1",87.9833333333333,86.9833,167
"J1351","tada2",120.9,119.9,167
"J1351","tada3",107.9,106.9,167
"J1351","tada4",113.15,112.15,167
"J1351","tada5",122.15,121.15,167
"J1351","tada6",132.2,131.2,167
"J1351","tada7",121.1,120.1,167
"J1351","tada8",111.65,110.65,167
"J1351","tada9",121.866666666667,120.866667,167
"J1351","tada10",131.5,130.5,167
"J1351","tada11",51.8666666666667,50.866667,167
"J1351","tada12",107.75,106.75,167
"J1351","tada13",111.65,110.65,167
"J1351","tada14",36.8,35.8,167
"J1388","tada1",87.9833333333333,86.9833,167
"J1388","tada2",120.9,119.9,167
"J1388","tada3",107.9,106.9,167
"J1388","tada4",113.15,112.15,167
"J1388","tada5",122.15,121.15,167
"J1388","tada6",132.2,131.2,167
"J1388","tada7",121.1,120.1,167
"J1388","tada8",111.65,110.65,167
"J1388","tada9",121.866666666667,120.866667,167
"J1388","tada10",131.5,130.5,167
"J1388","tada11",51.8666666666667,50.866667,167
"J1388","tada12",107.75,106.75,167
"J1388","tada13",111.65,110.65,167
"J1388","tada14",36.8,35.8,167
"J1392","tada1",87.9833333333333,86.9833,167
"J1392","tada2",120.9,119.9,167
"J1392","tada3",107.9,106.9,167
"J1392","tada4",113.15,112.15,167
"J1392","tada5",122.15,121.15,167
"J1392","tada6",132.2,131.2,167
"J1392","tada7",121.1,120.1,167
"J1392","tada8",80.9211111111111,110.65,167
"J1392","tada9",121.866666666667,120.866667,167
"J1392","tada10",131.5,130.5,167
"J1392","tada11",51.8666666666667,50.866667,167
"J1392","tada12",107.75,106.75,167
"J1392","tada13",111.65,110.65,167
"J1392","tada14",36.8,35.8,167
"J1458","tada1",87.9833333333333,86.9833,167
"J1458","tada2",120.9,119.9,167
"J1458","tada3",107.9,106.9,167
"J1458","tada4",113.15,112.15,167
"J1458","tada5",122.15,121.15,167
"J1458","tada6",132.2,131.2,167
"J1458","tada7",121.1,120.1,167
"J1458","tada8",111.65,110.65,167
"J1458","tada9",121.866666666667,120.866667,167
"J1458","tada10",131.5,130.5,167
"J1458","tada11",51.8666666666667,50.866667,167
"J1458","tada12",107.75,106.75,167
"J1458","tada13",111.65,110.65,167
"J1458","tada14",36.8,35.8,167
"J1480","tada1",87.9833333333333,86.9833,167
"J1480","tada2",120.9,119.9,167
"J1480","tada3",107.9,106.9,167
"J1480","tada4",113.15,112.15,167
"J1480","tada5",122.15,121.15,167
"J1480","tada6",132.2,131.2,167
"J1480","tada7",121.1,120.1,167
"J1480","tada8",111.65,110.65,167
"J1480","tada9",121.866666666667,120.866667,167
"J1480","tada10",131.5,130.5,167
"J1480","tada11",51.8666666666667,50.866667,167
"J1480","tada12",107.75,106.75,167
"J1480","tada13",111.65,110.65,167
"J1480","tada14",36.8,35.8,167
"J1529","tada1",87.9833333333333,86.9833,167
"J1529","tada2",120.9,119.9,167
"J1529","tada3",32.3133333333333,106.9,167
"J1529","tada4",113.15,112.15,167
"J1529","tada5",122.15,121.15,167
"J1529","tada6",132.2,131.2,167
"J1529","tada7",121.1,120.1,167
"J1529","tada8",111.65,110.65,167
"J1529","tada9",121.866666666667,120.866667,167
"J1529","tada10",131.5,130.5,167
"J1529","tada11",51.8666666666667,50.866667,167
"J1529","tada12",107.75,106.75,167
"J1529","tada13",111.65,110.65,167
"J1529","tada14",36.8,35.8,167
"J1556","tada1",87.9833333333333,86.9833,167
"J1556","tada2",120.9,119.9,167
"J1556","tada3",107.9,106.9,167
"J1556","tada4",113.15,112.15,167
"J1556","tada5",122.15,121.15,167
"J1556","tada6",132.2,131.2,167
"J1556","tada7",121.1,120.1,167
"J1556","tada8",111.65,110.65,167
"J1556","tada9",121.866666666667,120.866667,167
"J1556","tada10",131.5,130.5,167
"J1556","tada11",51.8666666666667,50.866667,167
"J1556","tada12",107.75,106.75,167
"J1556","tada13",111.65,110.65,167
"J1556","tada14",36.8,35.8,167
"J1618","tada1",87.9833333333333,86.9833,167
"J1618","tada2",12.3336111111111,119.9,167
"J1618","tada3",107.9,106.9,167
"J1618","tada4",113.15,112.15,167
"J1618","tada5",122.15,121.15,167
"J1618","tada6",132.2,131.2,167
"J1618","tada7",121.1,120.1,167
"J1618","tada8",111.65,110.65,167
"J1618","tada9",121.866666666667,120.866667,167
"J1618","tada10",131.5,130.5,167
"J1618","tada11",51.8666666666667,50.866667,167
"J1618","tada12",107.75,106.75,167
"J1618","tada13",111.65,110.65,167
"J1618","tada14",36.8,35.8,167
"J1631","tada1",87.9833333333333,86.9833,167
"J1631","tada2",120.9,119.9,167
"J1631","tada3",107.9,106.9,167
"J1631","tada4",113.15,112.15,167
"J1631","tada5",122.15,121.15,167
"J1631","tada6",132.2,131.2,167
"J1631","tada7",121.1,120.1,167
"J1631","tada8",111.65,110.65,167
"J1631","tada9",121.866666666667,120.866667,167
"J1631","tada10",131.5,130.5,167
"J1631","tada11",51.8666666666667,50.866667,167
"J1631","tada12",107.75,106.75,167
"J1631","tada13",111.65,110.65,167
"J1631","tada14",36.8,35.8,167
"J164","tada1",87.9833333333333,86.9833,167
"J164","tada2",120.9,119.9,167
"J164","tada3",107.9,106.9,167
"J164","tada4",113.15,112.15,167
"J164","tada5",122.15,121.15,167
"J164","tada6",132.2,131.2,167
"J164","tada7",121.1,120.1,167
"J164","tada8",111.65,110.65,167
"J164","tada9",121.866666666667,120.866667,167
"J164","tada10",131.5,130.5,167
"J164","tada11",51.8666666666667,50.866667,167
"J164","tada12",107.75,106.75,167
"J164","tada13",111.65,110.65,167
"J164","tada14",36.8,35.8,167
"J1898","tada1",87.9833333333333,86.9833,167
"J1898","tada2",120.9,119.9,167
"J1898","tada3",107.9,106.9,167
"J1898","tada4",113.15,112.15,167
"J1898","tada5",122.15,121.15,167
"J1898","tada6",132.2,131.2,167
"J1898","tada7",121.1,120.1,167
"J1898","tada8",111.65,110.65,167
"J1898","tada9",121.866666666667,120.866667,167
"J1898","tada10",131.5,130.5,167
"J1898","tada11",51.8666666666667,50.866667,167
"J1898","tada12",107.75,106.75,167
"J1898","tada13",111.65,110.65,167
"J1898","tada14",36.8,35.8,167
"J1962","tada1",87.9833333333333,86.9833,167
"J1962","tada2",120.9,119.9,167
"J1962","tada3",107.9,106.9,167
"J1962","tada4",113.15,112.15,167
"J1962","tada5",122.15,121.15,167
"J1962","tada6",132.2,131.2,167
"J1962","tada7",121.1,120.1,167
"J1962","tada8",111.65,110.65,167
"J1962","tada9",121.866666666667,120.866667,167
"J1962","tada10",131.5,130.5,167
"J1962","tada11",51.8666666666667,50.866667,167
"J1962","tada12",107.75,106.75,167
"J1962","tada13",111.65,110.65,167
"J1962","tada14",36.8,35.8,167
"J1964","tada1",87.9833333333333,86.9833,167
"J1964","tada2",120.9,119.9,167
"J1964","tada3",107.9,106.9,167
"J1964","tada4",113.15,112.15,167
"J1964","tada5",122.15,121.15,167
"J1964","tada6",132.2,131.2,167
"J1964","tada7",121.1,120.1,167
"J1964","tada8",111.65,110.65,167
"J1964","tada9",121.866666666667,120.866667,167
"J1964","tada10",131.5,130.5,167
"J1964","tada11",51.8666666666667,50.866667,167
"J1964","tada12",107.75,106.75,167
"J1964","tada13",111.65,110.65,167
"J1964","tada14",36.8,35.8,167
"J2039","tada1",87.9833333333333,86.9833,167
"J2039","tada2",120.9,119.9,167
"J2039","tada3",107.9,106.9,167
"J2039","tada4",113.15,112.15,167
"J2039","tada5",122.15,121.15,167
"J2039","tada6",132.2,131.2,167
"J2039","tada7",121.1,120.1,167
"J2039","tada8",57.8313888888889,110.65,167
"J2039","tada9",48.7658333333333,120.866667,167
"J2039","tada10",4.49638888888889,130.5,167
"J2039","tada11",51.8666666666667,50.866667,167
"J2039","tada12",107.75,106.75,167
"J2039","tada13",111.65,110.65,167
"J2039","tada14",36.8,35.8,167
"J2124","tada1",87.9833333333333,86.9833,167
"J2124","tada2",120.9,119.9,167
"J2124","tada3",72.7841666666667,106.9,167
"J2124","tada4",113.15,112.15,167
"J2124","tada5",122.15,121.15,167
"J2124","tada6",132.2,131.2,167
"J2124","tada7",121.1,120.1,167
"J2124","tada8",111.65,110.65,167
"J2124","tada9",121.866666666667,120.866667,167
"J2124","tada10",131.5,130.5,167
"J2124","tada11",51.8666666666667,50.866667,167
"J2124","tada12",107.75,106.75,167
"J2124","tada13",111.65,110.65,167
"J2124","tada14",36.8,35.8,167
"J2128","tada1",87.9833333333333,86.9833,167
"J2128","tada2",120.9,119.9,167
"J2128","tada3",49.7475,106.9,167
"J2128","tada4",113.15,112.15,167
"J2128","tada5",122.15,121.15,167
"J2128","tada6",132.2,131.2,167
"J2128","tada7",121.1,120.1,167
"J2128","tada8",111.65,110.65,167
"J2128","tada9",121.866666666667,120.866667,167
"J2128","tada10",131.5,130.5,167
"J2128","tada11",51.8666666666667,50.866667,167
"J2128","tada12",107.75,106.75,167
"J2128","tada13",111.65,110.65,167
"J2128","tada14",36.8,35.8,167
"J2168","tada1",87.9833333333333,86.9833,167
"J2168","tada2",120.9,119.9,167
"J2168","tada3",107.9,106.9,167
"J2168","tada4",113.15,112.15,167
"J2168","tada5",122.15,121.15,167
"J2168","tada6",132.2,131.2,167
"J2168","tada7",121.1,120.1,167
"J2168","tada8",9.82333333333333,110.65,167
"J2168","tada9",121.866666666667,120.866667,167
"J2168","tada10",131.5,130.5,167
"J2168","tada11",51.8666666666667,50.866667,167
"J2168","tada12",107.75,106.75,167
"J2168","tada13",12.9119444444444,110.65,167
"J2168","tada14",36.8,35.8,167
"J2263","tada1",87.9833333333333,86.9833,167
"J2263","tada2",48.2108333333333,119.9,167
"J2263","tada3",107.9,106.9,167
"J2263","tada4",98.425,112.15,167
"J2263","tada5",122.15,121.15,167
"J2263","tada6",132.2,131.2,167
"J2263","tada7",121.1,120.1,167
"J2263","tada8",111.65,110.65,167
"J2263","tada9",121.866666666667,120.866667,167
"J2263","tada10",131.5,130.5,167
"J2263","tada11",51.8666666666667,50.866667,167
"J2263","tada12",107.75,106.75,167
"J2263","tada13",111.65,110.65,167
"J2263","tada14",36.8,35.8,167
"J2377","tada1",87.9833333333333,86.9833,167
"J2377","tada2",120.9,119.9,167
"J2377","tada3",107.9,106.9,167
"J2377","tada4",113.15,112.15,167
"J2377","tada5",122.15,121.15,167
"J2377","tada6",132.2,131.2,167
"J2377","tada7",121.1,120.1,167
"J2377","tada8",111.65,110.65,167
"J2377","tada9",24.3791666666667,120.866667,167
"J2377","tada10",131.5,130.5,167
"J2377","tada11",51.8666666666667,50.866667,167
"J2377","tada12",107.75,106.75,167
"J2377","tada13",111.65,110.65,167
"J2377","tada14",36.8,35.8,167
"J2395","tada1",87.9833333333333,86.9833,167
"J2395","tada2",120.9,119.9,167
"J2395","tada3",107.9,106.9,167
"J2395","tada4",113.15,112.15,167
"J2395","tada5",25.3655555555556,121.15,167
"J2395","tada6",82.1366666666667,131.2,167
"J2395","tada7",121.1,120.1,167
"J2395","tada8",111.65,110.65,167
"J2395","tada9",29.4408333333333,120.866667,167
"J2395","tada10",110.483055555556,130.5,167
"J2395","tada11",51.8666666666667,50.866667,167
"J2395","tada12",107.75,106.75,167
"J2395","tada13",111.65,110.65,167
"J2395","tada14",24.6541666666667,35.8,167
"J2396","tada1",87.9833333333333,86.9833,167
"J2396","tada2",120.9,119.9,167
"J2396","tada3",107.9,106.9,167
"J2396","tada4",113.15,112.15,167
"J2396","tada5",122.15,121.15,167
"J2396","tada6",132.2,131.2,167
"J2396","tada7",121.1,120.1,167
"J2396","tada8",111.65,110.65,167
"J2396","tada9",121.866666666667,120.866667,167
"J2396","tada10",131.5,130.5,167
"J2396","tada11",51.8666666666667,50.866667,167
"J2396","tada12",107.75,106.75,167
"J2396","tada13",111.65,110.65,167
"J2396","tada14",36.8,35.8,167
"J2542","tada1",87.9833333333333,86.9833,167
"J2542","tada2",120.9,119.9,167
"J2542","tada3",107.9,106.9,167
"J2542","tada4",113.15,112.15,167
"J2542","tada5",122.15,121.15,167
"J2542","tada6",132.2,131.2,167
"J2542","tada7",121.1,120.1,167
"J2542","tada8",111.65,110.65,167
"J2542","tada9",121.866666666667,120.866667,167
"J2542","tada10",131.5,130.5,167
"J2542","tada11",51.8666666666667,50.866667,167
"J2542","tada12",107.75,106.75,167
"J2542","tada13",111.65,110.65,167
"J2542","tada14",36.8,35.8,167
"J2619","tada1",87.9833333333333,86.9833,167
"J2619","tada2",120.9,119.9,167
"J2619","tada3",107.9,106.9,167
"J2619","tada4",113.15,112.15,167
"J2619","tada5",122.15,121.15,167
"J2619","tada6",132.2,131.2,167
"J2619","tada7",121.1,120.1,167
"J2619","tada8",111.65,110.65,167
"J2619","tada9",121.866666666667,120.866667,167
"J2619","tada10",4.53722222222222,130.5,167
"J2619","tada11",51.8666666666667,50.866667,167
"J2619","tada12",107.75,106.75,167
"J2619","tada13",111.65,110.65,167
"J2619","tada14",36.8,35.8,167
"J2621","tada1",87.9833333333333,86.9833,167
"J2621","tada2",120.9,119.9,167
"J2621","tada3",107.9,106.9,167
"J2621","tada4",113.15,112.15,167
"J2621","tada5",122.15,121.15,167
"J2621","tada6",132.2,131.2,167
"J2621","tada7",121.1,120.1,167
"J2621","tada8",111.65,110.65,167
"J2621","tada9",121.866666666667,120.866667,167
"J2621","tada10",38.1886111111111,130.5,167
"J2621","tada11",51.8666666666667,50.866667,167
"J2621","tada12",107.75,106.75,167
"J2621","tada13",111.65,110.65,167
"J2621","tada14",36.8,35.8,167
"J2661","tada1",87.9833333333333,86.9833,167
"J2661","tada2",120.9,119.9,167
"J2661","tada3",107.9,106.9,167
"J2661","tada4",113.15,112.15,167
"J2661","tada5",122.15,121.15,167
"J2661","tada6",73.7897222222222,131.2,167
"J2661","tada7",121.1,120.1,167
"J2661","tada8",49.2036111111111,110.65,167
"J2661","tada9",121.866666666667,120.866667,167
"J2661","tada10",131.5,130.5,167
"J2661","tada11",0.159444444444444,50.866667,167
"J2661","tada12",107.75,106.75,167
"J2661","tada13",111.65,110.65,167
"J2661","tada14",25.5325,35.8,167
"J2680","tada1",87.9833333333333,86.9833,167
"J2680","tada2",120.9,119.9,167
"J2680","tada3",107.9,106.9,167
"J2680","tada4",113.15,112.15,167
"J2680","tada5",122.15,121.15,167
"J2680","tada6",132.2,131.2,167
"J2680","tada7",121.1,120.1,167
"J2680","tada8",111.65,110.65,167
"J2680","tada9",121.866666666667,120.866667,167
"J2680","tada10",131.5,130.5,167
"J2680","tada11",51.8666666666667,50.866667,167
"J2680","tada12",107.75,106.75,167
"J2680","tada13",111.65,110.65,167
"J2680","tada14",36.8,35.8,167
"J2701","tada1",87.9833333333333,86.9833,167
"J2701","tada2",120.9,119.9,167
"J2701","tada3",107.9,106.9,167
"J2701","tada4",113.15,112.15,167
"J2701","tada5",122.15,121.15,167
"J2701","tada6",132.2,131.2,167
"J2701","tada7",121.1,120.1,167
"J2701","tada8",111.65,110.65,167
"J2701","tada9",121.866666666667,120.866667,167
"J2701","tada10",131.5,130.5,167
"J2701","tada11",51.8666666666667,50.866667,167
"J2701","tada12",107.75,106.75,167
"J2701","tada13",111.65,110.65,167
"J2701","tada14",36.8,35.8,167
"J2783","tada1",87.9833333333333,86.9833,167
"J2783","tada2",120.9,119.9,167
"J2783","tada3",107.9,106.9,167
"J2783","tada4",113.15,112.15,167
"J2783","tada5",122.15,121.15,167
"J2783","tada6",132.2,131.2,167
"J2783","tada7",121.1,120.1,167
"J2783","tada8",111.65,110.65,167
"J2783","tada9",121.866666666667,120.866667,167
"J2783","tada10",3.34916666666667,130.5,167
"J2783","tada11",51.8666666666667,50.866667,167
"J2783","tada12",84.4663888888889,106.75,167
"J2783","tada13",111.65,110.65,167
"J2783","tada14",36.8,35.8,167
"J2941","tada1",85.1411111111111,86.9833,167
"J2941","tada2",6.00027777777778,119.9,167
"J2941","tada3",106.623333333333,106.9,167
"J2941","tada4",10.1825,112.15,167
"J2941","tada5",122.15,121.15,167
"J2941","tada6",132.2,131.2,167
"J2941","tada7",121.1,120.1,167
"J2941","tada8",111.65,110.65,167
"J2941","tada9",121.866666666667,120.866667,167
"J2941","tada10",131.5,130.5,167
"J2941","tada11",51.8666666666667,50.866667,167
"J2941","tada12",107.75,106.75,167
"J2941","tada13",111.65,110.65,167
"J2941","tada14",36.8,35.8,167
"J295","tada1",87.9833333333333,86.9833,167
"J295","tada2",120.9,119.9,167
"J295","tada3",107.9,106.9,167
"J295","tada4",113.15,112.15,167
"J295","tada5",122.15,121.15,167
"J295","tada6",132.2,131.2,167
"J295","tada7",121.1,120.1,167
"J295","tada8",111.65,110.65,167
"J295","tada9",121.866666666667,120.866667,167
"J295","tada10",131.5,130.5,167
"J295","tada11",51.8666666666667,50.866667,167
"J295","tada12",107.75,106.75,167
"J295","tada13",111.65,110.65,167
"J295","tada14",36.8,35.8,167
"J2952","tada1",87.9833333333333,86.9833,167
"J2952","tada2",120.9,119.9,167
"J2952","tada3",107.9,106.9,167
"J2952","tada4",73.4075,112.15,167
"J2952","tada5",122.15,121.15,167
"J2952","tada6",132.2,131.2,167
"J2952","tada7",121.1,120.1,167
"J2952","tada8",111.65,110.65,167
"J2952","tada9",121.866666666667,120.866667,167
"J2952","tada10",131.5,130.5,167
"J2952","tada11",51.8666666666667,50.866667,167
"J2952","tada12",107.75,106.75,167
"J2952","tada13",111.65,110.65,167
"J2952","tada14",36.8,35.8,167
"J2961","tada1",53.8244444444444,86.9833,167
"J2961","tada2",120.9,119.9,167
"J2961","tada3",107.9,106.9,167
"J2961","tada4",113.15,112.15,167
"J2961","tada5",122.15,121.15,167
"J2961","tada6",132.2,131.2,167
"J2961","tada7",121.1,120.1,167
"J2961","tada8",111.65,110.65,167
"J2961","tada9",121.866666666667,120.866667,167
"J2961","tada10",131.5,130.5,167
"J2961","tada11",51.8666666666667,50.866667,167
"J2961","tada12",107.75,106.75,167
"J2961","tada13",111.65,110.65,167
"J2961","tada14",36.8,35.8,167
"J2969","tada1",87.9833333333333,86.9833,167
"J2969","tada2",120.9,119.9,167
"J2969","tada3",107.9,106.9,167
"J2969","tada4",113.15,112.15,167
"J2969","tada5",122.15,121.15,167
"J2969","tada6",132.2,131.2,167
"J2969","tada7",121.1,120.1,167
"J2969","tada8",111.65,110.65,167
"J2969","tada9",7.26388888888889,120.866667,167
"J2969","tada10",131.5,130.5,167
"J2969","tada11",51.8666666666667,50.866667,167
"J2969","tada12",107.75,106.75,167
"J2969","tada13",111.65,110.65,167
"J2969","tada14",36.8,35.8,167
"J2986","tada1",87.9833333333333,86.9833,167
"J2986","tada2",120.9,119.9,167
"J2986","tada3",107.9,106.9,167
"J2986","tada4",113.15,112.15,167
"J2986","tada5",122.15,121.15,167
"J2986","tada6",132.2,131.2,167
"J2986","tada7",121.1,120.1,167
"J2986","tada8",111.65,110.65,167
"J2986","tada9",121.866666666667,120.866667,167
"J2986","tada10",131.5,130.5,167
"J2986","tada11",51.8666666666667,50.866667,167
"J2986","tada12",107.75,106.75,167
"J2986","tada13",111.65,110.65,167
"J2986","tada14",36.8,35.8,167
"J2994","tada1",87.9833333333333,86.9833,167
"J2994","tada2",120.9,119.9,167
"J2994","tada3",107.9,106.9,167
"J2994","tada4",113.15,112.15,167
"J2994","tada5",122.15,121.15,167
"J2994","tada6",132.2,131.2,167
"J2994","tada7",121.1,120.1,167
"J2994","tada8",111.65,110.65,167
"J2994","tada9",121.866666666667,120.866667,167
"J2994","tada10",131.5,130.5,167
"J2994","tada11",51.8666666666667,50.866667,167
"J2994","tada12",107.75,106.75,167
"J2994","tada13",111.65,110.65,167
"J2994","tada14",36.8,35.8,167
"J3243","tada1",87.9833333333333,86.9833,167
"J3243","tada2",120.9,119.9,167
"J3243","tada3",107.9,106.9,167
"J3243","tada4",113.15,112.15,167
"J3243","tada5",122.15,121.15,167
"J3243","tada6",132.2,131.2,167
"J3243","tada7",121.1,120.1,167
"J3243","tada8",111.65,110.65,167
"J3243","tada9",121.866666666667,120.866667,167
"J3243","tada10",131.5,130.5,167
"J3243","tada11",51.8666666666667,50.866667,167
"J3243","tada12",107.75,106.75,167
"J3243","tada13",111.65,110.65,167
"J3243","tada14",36.8,35.8,167
"J3378","tada1",87.9833333333333,86.9833,167
"J3378","tada2",120.9,119.9,167
"J3378","tada3",107.9,106.9,167
"J3378","tada4",113.15,112.15,167
"J3378","tada5",108.311944444444,121.15,167
"J3378","tada6",132.2,131.2,167
"J3378","tada7",121.1,120.1,167
"J3378","tada8",111.65,110.65,167
"J3378","tada9",121.866666666667,120.866667,167
"J3378","tada10",131.5,130.5,167
"J3378","tada11",47.3911111111111,50.866667,167
"J3378","tada12",107.75,106.75,167
"J3378","tada13",22.8783333333333,110.65,167
"J3378","tada14",24.5461111111111,35.8,167
"J338","tada1",87.9833333333333,86.9833,167
"J338","tada2",120.9,119.9,167
"J338","tada3",107.9,106.9,167
"J338","tada4",113.15,112.15,167
"J338","tada5",122.15,121.15,167
"J338","tada6",132.2,131.2,167
"J338","tada7",121.1,120.1,167
"J338","tada8",111.65,110.65,167
"J338","tada9",121.866666666667,120.866667,167
"J338","tada10",131.5,130.5,167
"J338","tada11",51.8666666666667,50.866667,167
"J338","tada12",107.75,106.75,167
"J338","tada13",111.65,110.65,167
"J338","tada14",36.8,35.8,167
"J3383","tada1",87.9833333333333,86.9833,167
"J3383","tada2",120.9,119.9,167
"J3383","tada3",107.9,106.9,167
"J3383","tada4",113.15,112.15,167
"J3383","tada5",122.15,121.15,167
"J3383","tada6",132.2,131.2,167
"J3383","tada7",121.1,120.1,167
"J3383","tada8",111.65,110.65,167
"J3383","tada9",121.866666666667,120.866667,167
"J3383","tada10",131.5,130.5,167
"J3383","tada11",51.8666666666667,50.866667,167
"J3383","tada12",107.75,106.75,167
"J3383","tada13",111.65,110.65,167
"J3383","tada14",24.6147222222222,35.8,167
"J3467","tada1",87.9833333333333,86.9833,167
"J3467","tada2",120.9,119.9,167
"J3467","tada3",107.9,106.9,167
"J3467","tada4",113.15,112.15,167
"J3467","tada5",122.15,121.15,167
"J3467","tada6",132.2,131.2,167
"J3467","tada7",121.1,120.1,167
"J3467","tada8",111.65,110.65,167
"J3467","tada9",121.866666666667,120.866667,167
"J3467","tada10",131.5,130.5,167
"J3467","tada11",51.8666666666667,50.866667,167
"J3467","tada12",107.75,106.75,167
"J3467","tada13",111.65,110.65,167
"J3467","tada14",36.8,35.8,167
"J3477","tada1",87.9833333333333,86.9833,167
"J3477","tada2",120.9,119.9,167
"J3477","tada3",107.9,106.9,167
"J3477","tada4",113.15,112.15,167
"J3477","tada5",122.15,121.15,167
"J3477","tada6",132.2,131.2,167
"J3477","tada7",121.1,120.1,167
"J3477","tada8",111.65,110.65,167
"J3477","tada9",121.866666666667,120.866667,167
"J3477","tada10",131.5,130.5,167
"J3477","tada11",51.8666666666667,50.866667,167
"J3477","tada12",107.75,106.75,167
"J3477","tada13",111.65,110.65,167
"J3477","tada14",36.8,35.8,167
"J3492","tada1",87.9833333333333,86.9833,167
"J3492","tada2",120.9,119.9,167
"J3492","tada3",107.9,106.9,167
"J3492","tada4",113.15,112.15,167
"J3492","tada5",122.15,121.15,167
"J3492","tada6",132.2,131.2,167
"J3492","tada7",121.1,120.1,167
"J3492","tada8",111.65,110.65,167
"J3492","tada9",53.1294444444444,120.866667,167
"J3492","tada10",131.5,130.5,167
"J3492","tada11",51.8666666666667,50.866667,167
"J3492","tada12",107.75,106.75,167
"J3492","tada13",111.65,110.65,167
"J3492","tada14",36.8,35.8,167
"J3508","tada1",87.9833333333333,86.9833,167
"J3508","tada2",120.9,119.9,167
"J3508","tada3",107.9,106.9,167
"J3508","tada4",113.15,112.15,167
"J3508","tada5",122.15,121.15,167
"J3508","tada6",132.2,131.2,167
"J3508","tada7",121.1,120.1,167
"J3508","tada8",111.65,110.65,167
"J3508","tada9",121.866666666667,120.866667,167
"J3508","tada10",131.5,130.5,167
"J3508","tada11",51.8666666666667,50.866667,167
"J3508","tada12",105.526388888889,106.75,167
"J3508","tada13",111.65,110.65,167
"J3508","tada14",36.8,35.8,167
"J3631","tada1",87.9833333333333,86.9833,167
"J3631","tada2",120.9,119.9,167
"J3631","tada3",107.9,106.9,167
"J3631","tada4",113.15,112.15,167
"J3631","tada5",122.15,121.15,167
"J3631","tada6",132.2,131.2,167
"J3631","tada7",121.1,120.1,167
"J3631","tada8",111.65,110.65,167
"J3631","tada9",121.866666666667,120.866667,167
"J3631","tada10",131.5,130.5,167
"J3631","tada11",51.8666666666667,50.866667,167
"J3631","tada12",107.75,106.75,167
"J3631","tada13",111.65,110.65,167
"J3631","tada14",36.8,35.8,167
"J3714","tada1",87.9833333333333,86.9833,167
"J3714","tada2",120.9,119.9,167
"J3714","tada3",107.9,106.9,167
"J3714","tada4",113.15,112.15,167
"J3714","tada5",122.15,121.15,167
"J3714","tada6",132.2,131.2,167
"J3714","tada7",121.1,120.1,167
"J3714","tada8",111.65,110.65,167
"J3714","tada9",121.866666666667,120.866667,167
"J3714","tada10",131.5,130.5,167
"J3714","tada11",51.8666666666667,50.866667,167
"J3714","tada12",107.75,106.75,167
"J3714","tada13",111.65,110.65,167
"J3714","tada14",25.4547222222222,35.8,167
"J3715","tada1",87.9833333333333,86.9833,167
"J3715","tada2",120.9,119.9,167
"J3715","tada3",107.9,106.9,167
"J3715","tada4",113.15,112.15,167
"J3715","tada5",122.15,121.15,167
"J3715","tada6",132.2,131.2,167
"J3715","tada7",121.1,120.1,167
"J3715","tada8",111.65,110.65,167
"J3715","tada9",97.5113888888889,120.866667,167
"J3715","tada10",131.5,130.5,167
"J3715","tada11",51.8666666666667,50.866667,167
"J3715","tada12",107.75,106.75,167
"J3715","tada13",111.65,110.65,167
"J3715","tada14",36.8,35.8,167
"J3716","tada1",87.9833333333333,86.9833,167
"J3716","tada2",120.9,119.9,167
"J3716","tada3",107.9,106.9,167
"J3716","tada4",113.15,112.15,167
"J3716","tada5",122.15,121.15,167
"J3716","tada6",132.2,131.2,167
"J3716","tada7",121.1,120.1,167
"J3716","tada8",111.65,110.65,167
"J3716","tada9",121.866666666667,120.866667,167
"J3716","tada10",131.5,130.5,167
"J3716","tada11",51.8666666666667,50.866667,167
"J3716","tada12",107.75,106.75,167
"J3716","tada13",111.65,110.65,167
"J3716","tada14",36.8,35.8,167
"J3753","tada1",3.01888888888889,86.9833,167
"J3753","tada2",120.9,119.9,167
"J3753","tada3",98.7866666666667,106.9,167
"J3753","tada4",113.15,112.15,167
"J3753","tada5",122.15,121.15,167
"J3753","tada6",132.2,131.2,167
"J3753","tada7",121.1,120.1,167
"J3753","tada8",111.65,110.65,167
"J3753","tada9",121.866666666667,120.866667,167
"J3753","tada10",131.5,130.5,167
"J3753","tada11",51.8666666666667,50.866667,167
"J3753","tada12",107.75,106.75,167
"J3753","tada13",111.65,110.65,167
"J3753","tada14",36.8,35.8,167
"J3769","tada1",87.9833333333333,86.9833,167
"J3769","tada2",120.9,119.9,167
"J3769","tada3",107.9,106.9,167
"J3769","tada4",113.15,112.15,167
"J3769","tada5",122.15,121.15,167
"J3769","tada6",132.2,131.2,167
"J3769","tada7",121.1,120.1,167
"J3769","tada8",111.65,110.65,167
"J3769","tada9",121.866666666667,120.866667,167
"J3769","tada10",131.5,130.5,167
"J3769","tada11",51.8666666666667,50.866667,167
"J3769","tada12",107.75,106.75,167
"J3769","tada13",111.65,110.65,167
"J3769","tada14",36.8,35.8,167
"J3777","tada1",87.9833333333333,86.9833,167
"J3777","tada2",120.9,119.9,167
"J3777","tada3",107.9,106.9,167
"J3777","tada4",113.15,112.15,167
"J3777","tada5",122.15,121.15,167
"J3777","tada6",132.2,131.2,167
"J3777","tada7",121.1,120.1,167
"J3777","tada8",111.65,110.65,167
"J3777","tada9",121.866666666667,120.866667,167
"J3777","tada10",131.5,130.5,167
"J3777","tada11",51.8666666666667,50.866667,167
"J3777","tada12",107.75,106.75,167
"J3777","tada13",111.65,110.65,167
"J3777","tada14",36.8,35.8,167
"J3791","tada1",87.9833333333333,86.9833,167
"J3791","tada2",120.9,119.9,167
"J3791","tada3",107.9,106.9,167
"J3791","tada4",113.15,112.15,167
"J3791","tada5",122.15,121.15,167
"J3791","tada6",132.2,131.2,167
"J3791","tada7",121.1,120.1,167
"J3791","tada8",111.65,110.65,167
"J3791","tada9",121.866666666667,120.866667,167
"J3791","tada10",131.5,130.5,167
"J3791","tada11",51.8666666666667,50.866667,167
"J3791","tada12",107.75,106.75,167
"J3791","tada13",111.65,110.65,167
"J3791","tada14",36.8,35.8,167
"J3845","tada1",87.9833333333333,86.9833,167
"J3845","tada2",120.9,119.9,167
"J3845","tada3",107.9,106.9,167
"J3845","tada4",113.15,112.15,167
"J3845","tada5",122.15,121.15,167
"J3845","tada6",132.2,131.2,167
"J3845","tada7",121.1,120.1,167
"J3845","tada8",111.65,110.65,167
"J3845","tada9",121.866666666667,120.866667,167
"J3845","tada10",131.5,130.5,167
"J3845","tada11",51.8666666666667,50.866667,167
"J3845","tada12",107.75,106.75,167
"J3845","tada13",111.65,110.65,167
"J3845","tada14",36.8,35.8,167
"J3884","tada1",87.9833333333333,86.9833,167
"J3884","tada2",120.9,119.9,167
"J3884","tada3",107.9,106.9,167
"J3884","tada4",113.15,112.15,167
"J3884","tada5",122.15,121.15,167
"J3884","tada6",132.2,131.2,167
"J3884","tada7",121.1,120.1,167
"J3884","tada8",111.65,110.65,167
"J3884","tada9",121.866666666667,120.866667,167
"J3884","tada10",3.52666666666667,130.5,167
"J3884","tada11",51.8666666666667,50.866667,167
"J3884","tada12",107.75,106.75,167
"J3884","tada13",111.65,110.65,167
"J3884","tada14",36.8,35.8,167
"J3899","tada1",87.9833333333333,86.9833,167
"J3899","tada2",120.9,119.9,167
"J3899","tada3",107.9,106.9,167
"J3899","tada4",113.15,112.15,167
"J3899","tada5",122.15,121.15,167
"J3899","tada6",132.2,131.2,167
"J3899","tada7",121.1,120.1,167
"J3899","tada8",111.65,110.65,167
"J3899","tada9",121.866666666667,120.866667,167
"J3899","tada10",131.5,130.5,167
"J3899","tada11",51.8666666666667,50.866667,167
"J3899","tada12",107.75,106.75,167
"J3899","tada13",111.65,110.65,167
"J3899","tada14",36.8,35.8,167
"J3909","tada1",87.9833333333333,86.9833,167
"J3909","tada2",120.9,119.9,167
"J3909","tada3",107.9,106.9,167
"J3909","tada4",113.15,112.15,167
"J3909","tada5",122.15,121.15,167
"J3909","tada6",132.2,131.2,167
"J3909","tada7",121.1,120.1,167
"J3909","tada8",111.65,110.65,167
"J3909","tada9",121.866666666667,120.866667,167
"J3909","tada10",131.5,130.5,167
"J3909","tada11",51.8666666666667,50.866667,167
"J3909","tada12",107.75,106.75,167
"J3909","tada13",111.65,110.65,167
"J3909","tada14",36.8,35.8,167
"J3912","tada1",87.9833333333333,86.9833,167
"J3912","tada2",120.9,119.9,167
"J3912","tada3",107.9,106.9,167
"J3912","tada4",113.15,112.15,167
"J3912","tada5",122.15,121.15,167
"J3912","tada6",132.2,131.2,167
"J3912","tada7",121.1,120.1,167
"J3912","tada8",111.65,110.65,167
"J3912","tada9",121.866666666667,120.866667,167
"J3912","tada10",131.5,130.5,167
"J3912","tada11",51.8666666666667,50.866667,167
"J3912","tada12",107.75,106.75,167
"J3912","tada13",111.65,110.65,167
"J3912","tada14",36.8,35.8,167
"J3987","tada1",87.9833333333333,86.9833,167
"J3987","tada2",97.3969444444444,119.9,167
"J3987","tada3",49.0488888888889,106.9,167
"J3987","tada4",73.3822222222222,112.15,167
"J3987","tada5",122.15,121.15,167
"J3987","tada6",83.6180555555556,131.2,167
"J3987","tada7",2.25166666666667,120.1,167
"J3987","tada8",111.65,110.65,167
"J3987","tada9",8.21472222222222,120.866667,167
"J3987","tada10",131.5,130.5,167
"J3987","tada11",51.8666666666667,50.866667,167
"J3987","tada12",107.75,106.75,167
"J3987","tada13",111.65,110.65,167
"J3987","tada14",36.8,35.8,167
"J4046","tada1",87.9833333333333,86.9833,167
"J4046","tada2",120.9,119.9,167
"J4046","tada3",107.9,106.9,167
"J4046","tada4",113.15,112.15,167
"J4046","tada5",122.15,121.15,167
"J4046","tada6",132.2,131.2,167
"J4046","tada7",121.1,120.1,167
"J4046","tada8",111.65,110.65,167
"J4046","tada9",121.866666666667,120.866667,167
"J4046","tada10",131.5,130.5,167
"J4046","tada11",51.8666666666667,50.866667,167
"J4046","tada12",107.75,106.75,167
"J4046","tada13",111.65,110.65,167
"J4046","tada14",36.8,35.8,167
"J41","tada1",87.9833333333333,86.9833,167
"J41","tada2",120.9,119.9,167
"J41","tada3",107.9,106.9,167
"J41","tada4",113.15,112.15,167
"J41","tada5",122.15,121.15,167
"J41","tada6",129.953888888889,131.2,167
"J41","tada7",121.1,120.1,167
"J41","tada8",111.65,110.65,167
"J41","tada9",121.866666666667,120.866667,167
"J41","tada10",131.5,130.5,167
"J41","tada11",51.8666666666667,50.866667,167
"J41","tada12",107.75,106.75,167
"J41","tada13",111.65,110.65,167
"J41","tada14",36.8,35.8,167
"J4109","tada1",87.9833333333333,86.9833,167
"J4109","tada2",120.9,119.9,167
"J4109","tada3",107.9,106.9,167
"J4109","tada4",113.15,112.15,167
"J4109","tada5",48.1955555555556,121.15,167
"J4109","tada6",132.2,131.2,167
"J4109","tada7",1.94111111111111,120.1,167
"J4109","tada8",97.6338888888889,110.65,167
"J4109","tada9",1.7225,120.866667,167
"J4109","tada10",131.5,130.5,167
"J4109","tada11",51.8666666666667,50.866667,167
"J4109","tada12",107.75,106.75,167
"J4109","tada13",111.65,110.65,167
"J4109","tada14",36.8,35.8,167
"J4111","tada1",87.9833333333333,86.9833,167
"J4111","tada2",120.9,119.9,167
"J4111","tada3",107.9,106.9,167
"J4111","tada4",113.15,112.15,167
"J4111","tada5",48.0352777777778,121.15,167
"J4111","tada6",130.3075,131.2,167
"J4111","tada7",24.8752777777778,120.1,167
"J4111","tada8",111.65,110.65,167
"J4111","tada9",121.866666666667,120.866667,167
"J4111","tada10",131.5,130.5,167
"J4111","tada11",51.8666666666667,50.866667,167
"J4111","tada12",107.75,106.75,167
"J4111","tada13",111.65,110.65,167
"J4111","tada14",36.8,35.8,167
"J4126","tada1",87.9833333333333,86.9833,167
"J4126","tada2",120.9,119.9,167
"J4126","tada3",107.9,106.9,167
"J4126","tada4",113.15,112.15,167
"J4126","tada5",122.15,121.15,167
"J4126","tada6",82.6888888888889,131.2,167
"J4126","tada7",24.9288888888889,120.1,167
"J4126","tada8",111.65,110.65,167
"J4126","tada9",5.77138888888889,120.866667,167
"J4126","tada10",131.5,130.5,167
"J4126","tada11",51.8666666666667,50.866667,167
"J4126","tada12",107.75,106.75,167
"J4126","tada13",111.65,110.65,167
"J4126","tada14",36.8,35.8,167
"J4151","tada1",55.4361111111111,86.9833,167
"J4151","tada2",105.577222222222,119.9,167
"J4151","tada3",12.5447222222222,106.9,167
"J4151","tada4",113.15,112.15,167
"J4151","tada5",122.15,121.15,167
"J4151","tada6",132.2,131.2,167
"J4151","tada7",121.1,120.1,167
"J4151","tada8",111.65,110.65,167
"J4151","tada9",121.866666666667,120.866667,167
"J4151","tada10",131.5,130.5,167
"J4151","tada11",51.8666666666667,50.866667,167
"J4151","tada12",107.75,106.75,167
"J4151","tada13",111.65,110.65,167
"J4151","tada14",36.8,35.8,167
"J4161","tada1",87.9833333333333,86.9833,167
"J4161","tada2",120.9,119.9,167
"J4161","tada3",107.9,106.9,167
"J4161","tada4",113.15,112.15,167
"J4161","tada5",122.15,121.15,167
"J4161","tada6",132.2,131.2,167
"J4161","tada7",121.1,120.1,167
"J4161","tada8",111.65,110.65,167
"J4161","tada9",121.866666666667,120.866667,167
"J4161","tada10",131.5,130.5,167
"J4161","tada11",51.8666666666667,50.866667,167
"J4161","tada12",107.75,106.75,167
"J4161","tada13",111.65,110.65,167
"J4161","tada14",36.8,35.8,167
"J4162","tada1",87.9833333333333,86.9833,167
"J4162","tada2",120.9,119.9,167
"J4162","tada3",107.9,106.9,167
"J4162","tada4",113.15,112.15,167
"J4162","tada5",122.15,121.15,167
"J4162","tada6",132.2,131.2,167
"J4162","tada7",121.1,120.1,167
"J4162","tada8",111.65,110.65,167
"J4162","tada9",1.98055555555556,120.866667,167
"J4162","tada10",131.5,130.5,167
"J4162","tada11",51.8666666666667,50.866667,167
"J4162","tada12",107.75,106.75,167
"J4162","tada13",111.65,110.65,167
"J4162","tada14",36.8,35.8,167
"J42","tada1",87.9833333333333,86.9833,167
"J42","tada2",120.9,119.9,167
"J42","tada3",107.9,106.9,167
"J42","tada4",113.15,112.15,167
"J42","tada5",122.15,121.15,167
"J42","tada6",132.2,131.2,167
"J42","tada7",121.1,120.1,167
"J42","tada8",111.65,110.65,167
"J42","tada9",121.866666666667,120.866667,167
"J42","tada10",131.5,130.5,167
"J42","tada11",1.59916666666667,50.866667,167
"J42","tada12",107.75,106.75,167
"J42","tada13",111.65,110.65,167
"J42","tada14",26.6091666666667,35.8,167
"J4214","tada1",87.9833333333333,86.9833,167
"J4214","tada2",120.9,119.9,167
"J4214","tada3",107.9,106.9,167
"J4214","tada4",113.15,112.15,167
"J4214","tada5",122.15,121.15,167
"J4214","tada6",76.9044444444445,131.2,167
"J4214","tada7",24.905,120.1,167
"J4214","tada8",1.74194444444444,110.65,167
"J4214","tada9",3.07972222222222,120.866667,167
"J4214","tada10",96.9541666666667,130.5,167
"J4214","tada11",51.8666666666667,50.866667,167
"J4214","tada12",107.75,106.75,167
"J4214","tada13",111.65,110.65,167
"J4214","tada14",36.8,35.8,167
"J4266","tada1",87.9833333333333,86.9833,167
"J4266","tada2",120.9,119.9,167
"J4266","tada3",107.9,106.9,167
"J4266","tada4",113.15,112.15,167
"J4266","tada5",122.15,121.15,167
"J4266","tada6",132.2,131.2,167
"J4266","tada7",121.1,120.1,167
"J4266","tada8",111.65,110.65,167
"J4266","tada9",121.866666666667,120.866667,167
"J4266","tada10",131.5,130.5,167
"J4266","tada11",51.8666666666667,50.866667,167
"J4266","tada12",107.75,106.75,167
"J4266","tada13",111.65,110.65,167
"J4266","tada14",34.5611111111111,35.8,167
"J4304","tada1",27.9388888888889,86.9833,167
"J4304","tada2",10.8708333333333,119.9,167
"J4304","tada3",7.76,106.9,167
"J4304","tada4",27.4086111111111,112.15,167
"J4304","tada5",122.15,121.15,167
"J4304","tada6",49.5986111111111,131.2,167
"J4304","tada7",121.1,120.1,167
"J4304","tada8",111.65,110.65,167
"J4304","tada9",121.866666666667,120.866667,167
"J4304","tada10",131.5,130.5,167
"J4304","tada11",51.8666666666667,50.866667,167
"J4304","tada12",107.75,106.75,167
"J4304","tada13",111.65,110.65,167
"J4304","tada14",36.8,35.8,167
"J4312","tada1",87.9833333333333,86.9833,167
"J4312","tada2",120.9,119.9,167
"J4312","tada3",107.9,106.9,167
"J4312","tada4",113.15,112.15,167
"J4312","tada5",122.15,121.15,167
"J4312","tada6",132.2,131.2,167
"J4312","tada7",121.1,120.1,167
"J4312","tada8",111.65,110.65,167
"J4312","tada9",121.866666666667,120.866667,167
"J4312","tada10",131.5,130.5,167
"J4312","tada11",51.8666666666667,50.866667,167
"J4312","tada12",107.75,106.75,167
"J4312","tada13",111.65,110.65,167
"J4312","tada14",36.8,35.8,167
"J4315","tada1",87.9833333333333,86.9833,167
"J4315","tada2",120.9,119.9,167
"J4315","tada3",107.9,106.9,167
"J4315","tada4",113.15,112.15,167
"J4315","tada5",122.15,121.15,167
"J4315","tada6",83.5777777777778,131.2,167
"J4315","tada7",121.1,120.1,167
"J4315","tada8",111.65,110.65,167
"J4315","tada9",32.1491666666667,120.866667,167
"J4315","tada10",131.5,130.5,167
"J4315","tada11",1.22777777777778,50.866667,167
"J4315","tada12",107.75,106.75,167
"J4315","tada13",34.3816666666667,110.65,167
"J4315","tada14",36.8,35.8,167
"J4323","tada1",87.9833333333333,86.9833,167
"J4323","tada2",120.9,119.9,167
"J4323","tada3",107.9,106.9,167
"J4323","tada4",113.15,112.15,167
"J4323","tada5",122.15,121.15,167
"J4323","tada6",132.2,131.2,167
"J4323","tada7",121.1,120.1,167
"J4323","tada8",111.65,110.65,167
"J4323","tada9",121.866666666667,120.866667,167
"J4323","tada10",131.5,130.5,167
"J4323","tada11",51.8666666666667,50.866667,167
"J4323","tada12",107.75,106.75,167
"J4323","tada13",111.65,110.65,167
"J4323","tada14",36.8,35.8,167
"J4511","tada1",87.9833333333333,86.9833,167
"J4511","tada2",120.9,119.9,167
"J4511","tada3",107.9,106.9,167
"J4511","tada4",113.15,112.15,167
"J4511","tada5",122.15,121.15,167
"J4511","tada6",132.2,131.2,167
"J4511","tada7",121.1,120.1,167
"J4511","tada8",111.65,110.65,167
"J4511","tada9",121.866666666667,120.866667,167
"J4511","tada10",131.5,130.5,167
"J4511","tada11",51.8666666666667,50.866667,167
"J4511","tada12",107.75,106.75,167
"J4511","tada13",111.65,110.65,167
"J4511","tada14",36.8,35.8,167
"J4514","tada1",87.9833333333333,86.9833,167
"J4514","tada2",120.9,119.9,167
"J4514","tada3",107.9,106.9,167
"J4514","tada4",113.15,112.15,167
"J4514","tada5",122.15,121.15,167
"J4514","tada6",132.2,131.2,167
"J4514","tada7",121.1,120.1,167
"J4514","tada8",111.65,110.65,167
"J4514","tada9",121.866666666667,120.866667,167
"J4514","tada10",131.5,130.5,167
"J4514","tada11",51.8666666666667,50.866667,167
"J4514","tada12",107.75,106.75,167
"J4514","tada13",111.65,110.65,167
"J4514","tada14",36.8,35.8,167
"J4520","tada1",87.9833333333333,86.9833,167
"J4520","tada2",120.9,119.9,167
"J4520","tada3",107.9,106.9,167
"J4520","tada4",113.15,112.15,167
"J4520","tada5",122.15,121.15,167
"J4520","tada6",132.2,131.2,167
"J4520","tada7",121.1,120.1,167
"J4520","tada8",111.65,110.65,167
"J4520","tada9",121.866666666667,120.866667,167
"J4520","tada10",131.5,130.5,167
"J4520","tada11",51.8666666666667,50.866667,167
"J4520","tada12",107.75,106.75,167
"J4520","tada13",111.65,110.65,167
"J4520","tada14",36.8,35.8,167
"J4552","tada1",87.9833333333333,86.9833,167
"J4552","tada2",120.9,119.9,167
"J4552","tada3",107.9,106.9,167
"J4552","tada4",113.15,112.15,167
"J4552","tada5",122.15,121.15,167
"J4552","tada6",77.4194444444445,131.2,167
"J4552","tada7",121.1,120.1,167
"J4552","tada8",111.65,110.65,167
"J4552","tada9",121.866666666667,120.866667,167
"J4552","tada10",131.5,130.5,167
"J4552","tada11",51.8666666666667,50.866667,167
"J4552","tada12",107.75,106.75,167
"J4552","tada13",111.65,110.65,167
"J4552","tada14",36.8,35.8,167
"J4569","tada1",87.9833333333333,86.9833,167
"J4569","tada2",7.31,119.9,167
"J4569","tada3",107.9,106.9,167
"J4569","tada4",113.15,112.15,167
"J4569","tada5",122.15,121.15,167
"J4569","tada6",132.2,131.2,167
"J4569","tada7",2.96888888888889,120.1,167
"J4569","tada8",111.65,110.65,167
"J4569","tada9",31.8469444444444,120.866667,167
"J4569","tada10",131.5,130.5,167
"J4569","tada11",51.8666666666667,50.866667,167
"J4569","tada12",107.75,106.75,167
"J4569","tada13",111.65,110.65,167
"J4569","tada14",36.8,35.8,167
"J4591","tada1",87.9833333333333,86.9833,167
"J4591","tada2",120.9,119.9,167
"J4591","tada3",107.9,106.9,167
"J4591","tada4",113.15,112.15,167
"J4591","tada5",122.15,121.15,167
"J4591","tada6",132.2,131.2,167
"J4591","tada7",121.1,120.1,167
"J4591","tada8",111.65,110.65,167
"J4591","tada9",121.866666666667,120.866667,167
"J4591","tada10",131.5,130.5,167
"J4591","tada11",51.8666666666667,50.866667,167
"J4591","tada12",107.75,106.75,167
"J4591","tada13",111.65,110.65,167
"J4591","tada14",36.8,35.8,167
"J4605","tada1",87.9833333333333,86.9833,167
"J4605","tada2",120.9,119.9,167
"J4605","tada3",107.9,106.9,167
"J4605","tada4",113.15,112.15,167
"J4605","tada5",122.15,121.15,167
"J4605","tada6",132.2,131.2,167
"J4605","tada7",121.1,120.1,167
"J4605","tada8",111.65,110.65,167
"J4605","tada9",121.866666666667,120.866667,167
"J4605","tada10",131.5,130.5,167
"J4605","tada11",51.8666666666667,50.866667,167
"J4605","tada12",107.75,106.75,167
"J4605","tada13",111.65,110.65,167
"J4605","tada14",36.8,35.8,167
"J4634","tada1",87.9833333333333,86.9833,167
"J4634","tada2",120.9,119.9,167
"J4634","tada3",107.9,106.9,167
"J4634","tada4",113.15,112.15,167
"J4634","tada5",122.15,121.15,167
"J4634","tada6",132.2,131.2,167
"J4634","tada7",121.1,120.1,167
"J4634","tada8",111.65,110.65,167
"J4634","tada9",121.866666666667,120.866667,167
"J4634","tada10",131.5,130.5,167
"J4634","tada11",51.8666666666667,50.866667,167
"J4634","tada12",107.75,106.75,167
"J4634","tada13",111.65,110.65,167
"J4634","tada14",36.8,35.8,167
"J4644","tada1",87.9833333333333,86.9833,167
"J4644","tada2",120.9,119.9,167
"J4644","tada3",107.9,106.9,167
"J4644","tada4",113.15,112.15,167
"J4644","tada5",122.15,121.15,167
"J4644","tada6",132.2,131.2,167
"J4644","tada7",121.1,120.1,167
"J4644","tada8",111.65,110.65,167
"J4644","tada9",121.866666666667,120.866667,167
"J4644","tada10",131.5,130.5,167
"J4644","tada11",51.8666666666667,50.866667,167
"J4644","tada12",107.75,106.75,167
"J4644","tada13",111.65,110.65,167
"J4644","tada14",36.8,35.8,167
"J4646","tada1",87.9833333333333,86.9833,167
"J4646","tada2",120.9,119.9,167
"J4646","tada3",107.9,106.9,167
"J4646","tada4",113.15,112.15,167
"J4646","tada5",122.15,121.15,167
"J4646","tada6",132.2,131.2,167
"J4646","tada7",121.1,120.1,167
"J4646","tada8",111.65,110.65,167
"J4646","tada9",121.866666666667,120.866667,167
"J4646","tada10",131.5,130.5,167
"J4646","tada11",51.8666666666667,50.866667,167
"J4646","tada12",107.75,106.75,167
"J4646","tada13",111.65,110.65,167
"J4646","tada14",36.8,35.8,167
"J4651","tada1",87.9833333333333,86.9833,167
"J4651","tada2",120.9,119.9,167
"J4651","tada3",107.9,106.9,167
"J4651","tada4",113.15,112.15,167
"J4651","tada5",122.15,121.15,167
"J4651","tada6",132.2,131.2,167
"J4651","tada7",121.1,120.1,167
"J4651","tada8",111.65,110.65,167
"J4651","tada9",121.866666666667,120.866667,167
"J4651","tada10",131.5,130.5,167
"J4651","tada11",51.8666666666667,50.866667,167
"J4651","tada12",107.75,106.75,167
"J4651","tada13",24.2425,110.65,167
"J4651","tada14",25.2230555555556,35.8,167
"J4715","tada1",87.9833333333333,86.9833,167
"J4715","tada2",120.9,119.9,167
"J4715","tada3",107.9,106.9,167
"J4715","tada4",27.4852777777778,112.15,167
"J4715","tada5",122.15,121.15,167
"J4715","tada6",132.2,131.2,167
"J4715","tada7",121.1,120.1,167
"J4715","tada8",111.65,110.65,167
"J4715","tada9",34.4119444444444,120.866667,167
"J4715","tada10",131.5,130.5,167
"J4715","tada11",51.8666666666667,50.866667,167
"J4715","tada12",107.75,106.75,167
"J4715","tada13",111.65,110.65,167
"J4715","tada14",36.8,35.8,167
"J4728","tada1",87.9833333333333,86.9833,167
"J4728","tada2",120.9,119.9,167
"J4728","tada3",107.9,106.9,167
"J4728","tada4",113.15,112.15,167
"J4728","tada5",122.15,121.15,167
"J4728","tada6",132.2,131.2,167
"J4728","tada7",121.1,120.1,167
"J4728","tada8",111.65,110.65,167
"J4728","tada9",121.866666666667,120.866667,167
"J4728","tada10",131.5,130.5,167
"J4728","tada11",51.8666666666667,50.866667,167
"J4728","tada12",107.75,106.75,167
"J4728","tada13",111.65,110.65,167
"J4728","tada14",36.8,35.8,167
"J4731","tada1",87.9833333333333,86.9833,167
"J4731","tada2",120.9,119.9,167
"J4731","tada3",107.9,106.9,167
"J4731","tada4",113.15,112.15,167
"J4731","tada5",122.15,121.15,167
"J4731","tada6",132.2,131.2,167
"J4731","tada7",121.1,120.1,167
"J4731","tada8",111.65,110.65,167
"J4731","tada9",121.866666666667,120.866667,167
"J4731","tada10",131.5,130.5,167
"J4731","tada11",51.8666666666667,50.866667,167
"J4731","tada12",107.75,106.75,167
"J4731","tada13",111.65,110.65,167
"J4731","tada14",25.5172222222222,35.8,167
"J4747","tada1",87.9833333333333,86.9833,167
"J4747","tada2",120.9,119.9,167
"J4747","tada3",107.9,106.9,167
"J4747","tada4",113.15,112.15,167
"J4747","tada5",122.15,121.15,167
"J4747","tada6",132.2,131.2,167
"J4747","tada7",121.1,120.1,167
"J4747","tada8",111.65,110.65,167
"J4747","tada9",121.866666666667,120.866667,167
"J4747","tada10",131.5,130.5,167
"J4747","tada11",51.8666666666667,50.866667,167
"J4747","tada12",107.75,106.75,167
"J4747","tada13",111.65,110.65,167
"J4747","tada14",24.4936111111111,35.8,167
"J4770","tada1",87.9833333333333,86.9833,167
"J4770","tada2",10.1877777777778,119.9,167
"J4770","tada3",107.9,106.9,167
"J4770","tada4",1.40361111111111,112.15,167
"J4770","tada5",122.15,121.15,167
"J4770","tada6",132.2,131.2,167
"J4770","tada7",121.1,120.1,167
"J4770","tada8",111.65,110.65,167
"J4770","tada9",121.866666666667,120.866667,167
"J4770","tada10",131.5,130.5,167
"J4770","tada11",51.8666666666667,50.866667,167
"J4770","tada12",107.75,106.75,167
"J4770","tada13",111.65,110.65,167
"J4770","tada14",36.8,35.8,167
"J4776","tada1",32.8694444444444,86.9833,167
"J4776","tada2",120.9,119.9,167
"J4776","tada3",107.9,106.9,167
"J4776","tada4",113.15,112.15,167
"J4776","tada5",122.15,121.15,167
"J4776","tada6",132.2,131.2,167
"J4776","tada7",121.1,120.1,167
"J4776","tada8",111.65,110.65,167
"J4776","tada9",121.866666666667,120.866667,167
"J4776","tada10",131.5,130.5,167
"J4776","tada11",51.8666666666667,50.866667,167
"J4776","tada12",107.75,106.75,167
"J4776","tada13",111.65,110.65,167
"J4776","tada14",36.8,35.8,167
"J4782","tada1",87.9833333333333,86.9833,167
"J4782","tada2",120.9,119.9,167
"J4782","tada3",107.9,106.9,167
"J4782","tada4",113.15,112.15,167
"J4782","tada5",122.15,121.15,167
"J4782","tada6",132.2,131.2,167
"J4782","tada7",121.1,120.1,167
"J4782","tada8",111.65,110.65,167
"J4782","tada9",121.866666666667,120.866667,167
"J4782","tada10",131.5,130.5,167
"J4782","tada11",51.8666666666667,50.866667,167
"J4782","tada12",107.75,106.75,167
"J4782","tada13",111.65,110.65,167
"J4782","tada14",36.8,35.8,167
"J4819","tada1",87.9833333333333,86.9833,167
"J4819","tada2",120.9,119.9,167
"J4819","tada3",107.9,106.9,167
"J4819","tada4",113.15,112.15,167
"J4819","tada5",122.15,121.15,167
"J4819","tada6",132.2,131.2,167
"J4819","tada7",121.1,120.1,167
"J4819","tada8",111.65,110.65,167
"J4819","tada9",121.866666666667,120.866667,167
"J4819","tada10",131.5,130.5,167
"J4819","tada11",51.8666666666667,50.866667,167
"J4819","tada12",107.75,106.75,167
"J4819","tada13",111.65,110.65,167
"J4819","tada14",36.8,35.8,167
"J4836","tada1",87.9833333333333,86.9833,167
"J4836","tada2",120.9,119.9,167
"J4836","tada3",107.9,106.9,167
"J4836","tada4",113.15,112.15,167
"J4836","tada5",122.15,121.15,167
"J4836","tada6",132.2,131.2,167
"J4836","tada7",121.1,120.1,167
"J4836","tada8",111.65,110.65,167
"J4836","tada9",121.866666666667,120.866667,167
"J4836","tada10",74.3311111111111,130.5,167
"J4836","tada11",51.8666666666667,50.866667,167
"J4836","tada12",107.75,106.75,167
"J4836","tada13",111.65,110.65,167
"J4836","tada14",36.8,35.8,167
"J4840","tada1",87.9833333333333,86.9833,167
"J4840","tada2",120.9,119.9,167
"J4840","tada3",107.9,106.9,167
"J4840","tada4",113.15,112.15,167
"J4840","tada5",122.15,121.15,167
"J4840","tada6",129.989166666667,131.2,167
"J4840","tada7",121.1,120.1,167
"J4840","tada8",111.65,110.65,167
"J4840","tada9",121.866666666667,120.866667,167
"J4840","tada10",131.5,130.5,167
"J4840","tada11",51.8666666666667,50.866667,167
"J4840","tada12",107.75,106.75,167
"J4840","tada13",111.65,110.65,167
"J4840","tada14",36.8,35.8,167
"J4954","tada1",87.9833333333333,86.9833,167
"J4954","tada2",120.9,119.9,167
"J4954","tada3",107.9,106.9,167
"J4954","tada4",113.15,112.15,167
"J4954","tada5",122.15,121.15,167
"J4954","tada6",132.2,131.2,167
"J4954","tada7",121.1,120.1,167
"J4954","tada8",111.65,110.65,167
"J4954","tada9",121.866666666667,120.866667,167
"J4954","tada10",131.5,130.5,167
"J4954","tada11",51.8666666666667,50.866667,167
"J4954","tada12",107.75,106.75,167
"J4954","tada13",111.65,110.65,167
"J4954","tada14",36.8,35.8,167
"J4962","tada1",3.30555555555556,86.9833,167
"J4962","tada2",120.9,119.9,167
"J4962","tada3",0.9675,106.9,167
"J4962","tada4",7.21277777777778,112.15,167
"J4962","tada5",122.15,121.15,167
"J4962","tada6",132.2,131.2,167
"J4962","tada7",121.1,120.1,167
"J4962","tada8",111.65,110.65,167
"J4962","tada9",121.866666666667,120.866667,167
"J4962","tada10",131.5,130.5,167
"J4962","tada11",51.8666666666667,50.866667,167
"J4962","tada12",107.75,106.75,167
"J4962","tada13",111.65,110.65,167
"J4962","tada14",36.8,35.8,167
"J4965","tada1",87.9833333333333,86.9833,167
"J4965","tada2",120.9,119.9,167
"J4965","tada3",107.9,106.9,167
"J4965","tada4",113.15,112.15,167
"J4965","tada5",122.15,121.15,167
"J4965","tada6",132.2,131.2,167
"J4965","tada7",121.1,120.1,167
"J4965","tada8",111.65,110.65,167
"J4965","tada9",121.866666666667,120.866667,167
"J4965","tada10",131.5,130.5,167
"J4965","tada11",51.8666666666667,50.866667,167
"J4965","tada12",107.75,106.75,167
"J4965","tada13",111.65,110.65,167
"J4965","tada14",36.8,35.8,167
"J4967","tada1",87.9833333333333,86.9833,167
"J4967","tada2",120.9,119.9,167
"J4967","tada3",107.9,106.9,167
"J4967","tada4",113.15,112.15,167
"J4967","tada5",122.15,121.15,167
"J4967","tada6",105.965,131.2,167
"J4967","tada7",121.1,120.1,167
"J4967","tada8",111.65,110.65,167
"J4967","tada9",121.866666666667,120.866667,167
"J4967","tada10",131.5,130.5,167
"J4967","tada11",51.8666666666667,50.866667,167
"J4967","tada12",107.75,106.75,167
"J4967","tada13",111.65,110.65,167
"J4967","tada14",24.5758333333333,35.8,167
"J4968","tada1",87.9833333333333,86.9833,167
"J4968","tada2",120.9,119.9,167
"J4968","tada3",107.9,106.9,167
"J4968","tada4",113.15,112.15,167
"J4968","tada5",30.6486111111111,121.15,167
"J4968","tada6",85.75,131.2,167
"J4968","tada7",1.53305555555556,120.1,167
"J4968","tada8",111.65,110.65,167
"J4968","tada9",121.866666666667,120.866667,167
"J4968","tada10",131.5,130.5,167
"J4968","tada11",51.8666666666667,50.866667,167
"J4968","tada12",107.75,106.75,167
"J4968","tada13",111.65,110.65,167
"J4968","tada14",36.8,35.8,167
"J4983","tada1",87.9833333333333,86.9833,167
"J4983","tada2",120.9,119.9,167
"J4983","tada3",107.9,106.9,167
"J4983","tada4",113.15,112.15,167
"J4983","tada5",122.15,121.15,167
"J4983","tada6",132.2,131.2,167
"J4983","tada7",121.1,120.1,167
"J4983","tada8",111.65,110.65,167
"J4983","tada9",121.866666666667,120.866667,167
"J4983","tada10",131.5,130.5,167
"J4983","tada11",51.8666666666667,50.866667,167
"J4983","tada12",107.75,106.75,167
"J4983","tada13",111.65,110.65,167
"J4983","tada14",36.8,35.8,167
"J4986","tada1",87.9833333333333,86.9833,167
"J4986","tada2",6.44277777777778,119.9,167
"J4986","tada3",107.9,106.9,167
"J4986","tada4",73.4069444444444,112.15,167
"J4986","tada5",122.15,121.15,167
"J4986","tada6",132.2,131.2,167
"J4986","tada7",121.1,120.1,167
"J4986","tada8",111.65,110.65,167
"J4986","tada9",121.866666666667,120.866667,167
"J4986","tada10",131.5,130.5,167
"J4986","tada11",51.8666666666667,50.866667,167
"J4986","tada12",107.75,106.75,167
"J4986","tada13",111.65,110.65,167
"J4986","tada14",36.8,35.8,167
"J5006","tada1",87.9833333333333,86.9833,167
"J5006","tada2",120.9,119.9,167
"J5006","tada3",107.9,106.9,167
"J5006","tada4",113.15,112.15,167
"J5006","tada5",122.15,121.15,167
"J5006","tada6",132.2,131.2,167
"J5006","tada7",121.1,120.1,167
"J5006","tada8",111.65,110.65,167
"J5006","tada9",121.866666666667,120.866667,167
"J5006","tada10",131.5,130.5,167
"J5006","tada11",51.8666666666667,50.866667,167
"J5006","tada12",107.75,106.75,167
"J5006","tada13",111.65,110.65,167
"J5006","tada14",36.8,35.8,167
"J5012","tada1",7.60972222222222,86.9833,167
"J5012","tada2",5.72083333333333,119.9,167
"J5012","tada3",52.5661111111111,106.9,167
"J5012","tada4",113.15,112.15,167
"J5012","tada5",122.15,121.15,167
"J5012","tada6",132.2,131.2,167
"J5012","tada7",121.1,120.1,167
"J5012","tada8",111.65,110.65,167
"J5012","tada9",121.866666666667,120.866667,167
"J5012","tada10",131.5,130.5,167
"J5012","tada11",51.8666666666667,50.866667,167
"J5012","tada12",107.75,106.75,167
"J5012","tada13",111.65,110.65,167
"J5012","tada14",36.8,35.8,167
"J505","tada1",87.9833333333333,86.9833,167
"J505","tada2",120.9,119.9,167
"J505","tada3",107.9,106.9,167
"J505","tada4",113.15,112.15,167
"J505","tada5",122.15,121.15,167
"J505","tada6",132.2,131.2,167
"J505","tada7",121.1,120.1,167
"J505","tada8",111.65,110.65,167
"J505","tada9",121.866666666667,120.866667,167
"J505","tada10",131.5,130.5,167
"J505","tada11",51.8666666666667,50.866667,167
"J505","tada12",107.75,106.75,167
"J505","tada13",111.65,110.65,167
"J505","tada14",36.8,35.8,167
"J5053","tada1",87.9833333333333,86.9833,167
"J5053","tada2",120.9,119.9,167
"J5053","tada3",107.9,106.9,167
"J5053","tada4",113.15,112.15,167
"J5053","tada5",122.15,121.15,167
"J5053","tada6",132.2,131.2,167
"J5053","tada7",121.1,120.1,167
"J5053","tada8",111.65,110.65,167
"J5053","tada9",121.866666666667,120.866667,167
"J5053","tada10",131.5,130.5,167
"J5053","tada11",51.8666666666667,50.866667,167
"J5053","tada12",107.75,106.75,167
"J5053","tada13",111.65,110.65,167
"J5053","tada14",36.8,35.8,167
"J5056","tada1",87.9833333333333,86.9833,167
"J5056","tada2",120.9,119.9,167
"J5056","tada3",107.9,106.9,167
"J5056","tada4",113.15,112.15,167
"J5056","tada5",122.15,121.15,167
"J5056","tada6",132.2,131.2,167
"J5056","tada7",121.1,120.1,167
"J5056","tada8",111.65,110.65,167
"J5056","tada9",121.866666666667,120.866667,167
"J5056","tada10",131.5,130.5,167
"J5056","tada11",51.8666666666667,50.866667,167
"J5056","tada12",107.75,106.75,167
"J5056","tada13",111.65,110.65,167
"J5056","tada14",36.8,35.8,167
"J5074","tada1",87.9833333333333,86.9833,167
"J5074","tada2",120.9,119.9,167
"J5074","tada3",107.9,106.9,167
"J5074","tada4",113.15,112.15,167
"J5074","tada5",122.15,121.15,167
"J5074","tada6",132.2,131.2,167
"J5074","tada7",121.1,120.1,167
"J5074","tada8",111.65,110.65,167
"J5074","tada9",121.866666666667,120.866667,167
"J5074","tada10",131.5,130.5,167
"J5074","tada11",51.8666666666667,50.866667,167
"J5074","tada12",107.75,106.75,167
"J5074","tada13",111.65,110.65,167
"J5074","tada14",36.8,35.8,167
"J5087","tada1",87.9833333333333,86.9833,167
"J5087","tada2",120.9,119.9,167
"J5087","tada3",107.9,106.9,167
"J5087","tada4",74.6022222222222,112.15,167
"J5087","tada5",122.15,121.15,167
"J5087","tada6",132.2,131.2,167
"J5087","tada7",121.1,120.1,167
"J5087","tada8",111.65,110.65,167
"J5087","tada9",121.866666666667,120.866667,167
"J5087","tada10",131.5,130.5,167
"J5087","tada11",51.8666666666667,50.866667,167
"J5087","tada12",107.75,106.75,167
"J5087","tada13",111.65,110.65,167
"J5087","tada14",36.8,35.8,167
"J5088","tada1",87.9833333333333,86.9833,167
"J5088","tada2",120.9,119.9,167
"J5088","tada3",107.9,106.9,167
"J5088","tada4",113.15,112.15,167
"J5088","tada5",122.15,121.15,167
"J5088","tada6",132.2,131.2,167
"J5088","tada7",121.1,120.1,167
"J5088","tada8",111.65,110.65,167
"J5088","tada9",121.866666666667,120.866667,167
"J5088","tada10",131.5,130.5,167
"J5088","tada11",51.8666666666667,50.866667,167
"J5088","tada12",107.75,106.75,167
"J5088","tada13",111.65,110.65,167
"J5088","tada14",36.8,35.8,167
"J5089","tada1",79.1072222222222,86.9833,167
"J5089","tada2",5.99583333333333,119.9,167
"J5089","tada3",47.5305555555556,106.9,167
"J5089","tada4",113.15,112.15,167
"J5089","tada5",122.15,121.15,167
"J5089","tada6",132.2,131.2,167
"J5089","tada7",121.1,120.1,167
"J5089","tada8",111.65,110.65,167
"J5089","tada9",51.2416666666667,120.866667,167
"J5089","tada10",131.5,130.5,167
"J5089","tada11",51.8666666666667,50.866667,167
"J5089","tada12",107.75,106.75,167
"J5089","tada13",111.65,110.65,167
"J5089","tada14",36.8,35.8,167
"J5105","tada1",87.9833333333333,86.9833,167
"J5105","tada2",120.9,119.9,167
"J5105","tada3",107.9,106.9,167
"J5105","tada4",113.15,112.15,167
"J5105","tada5",122.15,121.15,167
"J5105","tada6",132.2,131.2,167
"J5105","tada7",121.1,120.1,167
"J5105","tada8",111.65,110.65,167
"J5105","tada9",121.866666666667,120.866667,167
"J5105","tada10",131.5,130.5,167
"J5105","tada11",51.8666666666667,50.866667,167
"J5105","tada12",107.75,106.75,167
"J5105","tada13",111.65,110.65,167
"J5105","tada14",36.8,35.8,167
"J5106","tada1",87.9833333333333,86.9833,167
"J5106","tada2",120.9,119.9,167
"J5106","tada3",107.9,106.9,167
"J5106","tada4",113.15,112.15,167
"J5106","tada5",122.15,121.15,167
"J5106","tada6",132.2,131.2,167
"J5106","tada7",121.1,120.1,167
"J5106","tada8",111.65,110.65,167
"J5106","tada9",121.866666666667,120.866667,167
"J5106","tada10",131.5,130.5,167
"J5106","tada11",51.8666666666667,50.866667,167
"J5106","tada12",107.75,106.75,167
"J5106","tada13",111.65,110.65,167
"J5106","tada14",36.8,35.8,167
"J5118","tada1",87.9833333333333,86.9833,167
"J5118","tada2",120.9,119.9,167
"J5118","tada3",107.9,106.9,167
"J5118","tada4",113.15,112.15,167
"J5118","tada5",122.15,121.15,167
"J5118","tada6",132.2,131.2,167
"J5118","tada7",121.1,120.1,167
"J5118","tada8",111.65,110.65,167
"J5118","tada9",121.866666666667,120.866667,167
"J5118","tada10",131.5,130.5,167
"J5118","tada11",51.8666666666667,50.866667,167
"J5118","tada12",107.75,106.75,167
"J5118","tada13",111.65,110.65,167
"J5118","tada14",36.8,35.8,167
"J5121","tada1",2.85166666666667,86.9833,167
"J5121","tada2",82.2519444444444,119.9,167
"J5121","tada3",0.844722222222222,106.9,167
"J5121","tada4",113.15,112.15,167
"J5121","tada5",122.15,121.15,167
"J5121","tada6",132.2,131.2,167
"J5121","tada7",72.3230555555556,120.1,167
"J5121","tada8",111.65,110.65,167
"J5121","tada9",121.866666666667,120.866667,167
"J5121","tada10",131.5,130.5,167
"J5121","tada11",51.8666666666667,50.866667,167
"J5121","tada12",107.75,106.75,167
"J5121","tada13",111.65,110.65,167
"J5121","tada14",36.8,35.8,167
"J5146","tada1",87.9833333333333,86.9833,167
"J5146","tada2",120.9,119.9,167
"J5146","tada3",107.9,106.9,167
"J5146","tada4",113.15,112.15,167
"J5146","tada5",122.15,121.15,167
"J5146","tada6",132.2,131.2,167
"J5146","tada7",121.1,120.1,167
"J5146","tada8",111.65,110.65,167
"J5146","tada9",1.86166666666667,120.866667,167
"J5146","tada10",131.5,130.5,167
"J5146","tada11",51.8666666666667,50.866667,167
"J5146","tada12",107.75,106.75,167
"J5146","tada13",111.65,110.65,167
"J5146","tada14",36.8,35.8,167
"J5222","tada1",87.9833333333333,86.9833,167
"J5222","tada2",120.9,119.9,167
"J5222","tada3",107.9,106.9,167
"J5222","tada4",113.15,112.15,167
"J5222","tada5",122.15,121.15,167
"J5222","tada6",132.2,131.2,167
"J5222","tada7",121.1,120.1,167
"J5222","tada8",111.65,110.65,167
"J5222","tada9",121.866666666667,120.866667,167
"J5222","tada10",131.5,130.5,167
"J5222","tada11",51.8666666666667,50.866667,167
"J5222","tada12",107.75,106.75,167
"J5222","tada13",111.65,110.65,167
"J5222","tada14",36.8,35.8,167
"J5234","tada1",87.9833333333333,86.9833,167
"J5234","tada2",120.9,119.9,167
"J5234","tada3",107.9,106.9,167
"J5234","tada4",113.15,112.15,167
"J5234","tada5",122.15,121.15,167
"J5234","tada6",132.2,131.2,167
"J5234","tada7",121.1,120.1,167
"J5234","tada8",111.65,110.65,167
"J5234","tada9",121.866666666667,120.866667,167
"J5234","tada10",131.5,130.5,167
"J5234","tada11",51.8666666666667,50.866667,167
"J5234","tada12",107.75,106.75,167
"J5234","tada13",111.65,110.65,167
"J5234","tada14",36.8,35.8,167
"J5238","tada1",87.9833333333333,86.9833,167
"J5238","tada2",120.9,119.9,167
"J5238","tada3",107.9,106.9,167
"J5238","tada4",113.15,112.15,167
"J5238","tada5",122.15,121.15,167
"J5238","tada6",132.2,131.2,167
"J5238","tada7",121.1,120.1,167
"J5238","tada8",111.65,110.65,167
"J5238","tada9",121.866666666667,120.866667,167
"J5238","tada10",131.5,130.5,167
"J5238","tada11",51.8666666666667,50.866667,167
"J5238","tada12",107.75,106.75,167
"J5238","tada13",111.65,110.65,167
"J5238","tada14",36.8,35.8,167
"J5250","tada1",87.9833333333333,86.9833,167
"J5250","tada2",120.9,119.9,167
"J5250","tada3",107.9,106.9,167
"J5250","tada4",113.15,112.15,167
"J5250","tada5",122.15,121.15,167
"J5250","tada6",99.0163888888889,131.2,167
"J5250","tada7",121.1,120.1,167
"J5250","tada8",111.65,110.65,167
"J5250","tada9",121.866666666667,120.866667,167
"J5250","tada10",13.5222222222222,130.5,167
"J5250","tada11",51.8666666666667,50.866667,167
"J5250","tada12",107.75,106.75,167
"J5250","tada13",111.65,110.65,167
"J5250","tada14",36.8,35.8,167
"J5271","tada1",87.9833333333333,86.9833,167
"J5271","tada2",120.9,119.9,167
"J5271","tada3",107.9,106.9,167
"J5271","tada4",113.15,112.15,167
"J5271","tada5",122.15,121.15,167
"J5271","tada6",132.2,131.2,167
"J5271","tada7",121.1,120.1,167
"J5271","tada8",111.65,110.65,167
"J5271","tada9",121.866666666667,120.866667,167
"J5271","tada10",131.5,130.5,167
"J5271","tada11",51.8666666666667,50.866667,167
"J5271","tada12",107.75,106.75,167
"J5271","tada13",111.65,110.65,167
"J5271","tada14",36.8,35.8,167
"J5316","tada1",87.9833333333333,86.9833,167
"J5316","tada2",120.9,119.9,167
"J5316","tada3",107.9,106.9,167
"J5316","tada4",113.15,112.15,167
"J5316","tada5",122.15,121.15,167
"J5316","tada6",129.585,131.2,167
"J5316","tada7",121.1,120.1,167
"J5316","tada8",111.65,110.65,167
"J5316","tada9",121.866666666667,120.866667,167
"J5316","tada10",131.5,130.5,167
"J5316","tada11",51.8666666666667,50.866667,167
"J5316","tada12",107.75,106.75,167
"J5316","tada13",111.65,110.65,167
"J5316","tada14",36.8,35.8,167
"J5362","tada1",87.9833333333333,86.9833,167
"J5362","tada2",120.9,119.9,167
"J5362","tada3",107.9,106.9,167
"J5362","tada4",113.15,112.15,167
"J5362","tada5",122.15,121.15,167
"J5362","tada6",127.848333333333,131.2,167
"J5362","tada7",121.1,120.1,167
"J5362","tada8",111.65,110.65,167
"J5362","tada9",121.866666666667,120.866667,167
"J5362","tada10",131.5,130.5,167
"J5362","tada11",51.8666666666667,50.866667,167
"J5362","tada12",107.75,106.75,167
"J5362","tada13",111.65,110.65,167
"J5362","tada14",36.8,35.8,167
"J5379","tada1",87.9833333333333,86.9833,167
"J5379","tada2",120.9,119.9,167
"J5379","tada3",107.9,106.9,167
"J5379","tada4",113.15,112.15,167
"J5379","tada5",122.15,121.15,167
"J5379","tada6",132.2,131.2,167
"J5379","tada7",121.1,120.1,167
"J5379","tada8",111.65,110.65,167
"J5379","tada9",3.13166666666667,120.866667,167
"J5379","tada10",131.5,130.5,167
"J5379","tada11",51.8666666666667,50.866667,167
"J5379","tada12",107.75,106.75,167
"J5379","tada13",111.65,110.65,167
"J5379","tada14",36.8,35.8,167
"J5386","tada1",87.9833333333333,86.9833,167
"J5386","tada2",120.9,119.9,167
"J5386","tada3",107.9,106.9,167
"J5386","tada4",113.15,112.15,167
"J5386","tada5",122.15,121.15,167
"J5386","tada6",132.2,131.2,167
"J5386","tada7",121.1,120.1,167
"J5386","tada8",111.65,110.65,167
"J5386","tada9",121.866666666667,120.866667,167
"J5386","tada10",131.5,130.5,167
"J5386","tada11",51.8666666666667,50.866667,167
"J5386","tada12",107.75,106.75,167
"J5386","tada13",111.65,110.65,167
"J5386","tada14",36.8,35.8,167
"J5428","tada1",87.9833333333333,86.9833,167
"J5428","tada2",120.9,119.9,167
"J5428","tada3",107.9,106.9,167
"J5428","tada4",113.15,112.15,167
"J5428","tada5",122.15,121.15,167
"J5428","tada6",132.2,131.2,167
"J5428","tada7",121.1,120.1,167
"J5428","tada8",111.65,110.65,167
"J5428","tada9",121.866666666667,120.866667,167
"J5428","tada10",131.5,130.5,167
"J5428","tada11",51.8666666666667,50.866667,167
"J5428","tada12",107.75,106.75,167
"J5428","tada13",111.65,110.65,167
"J5428","tada14",36.8,35.8,167
"J5456","tada1",87.9833333333333,86.9833,167
"J5456","tada2",120.9,119.9,167
"J5456","tada3",107.9,106.9,167
"J5456","tada4",113.15,112.15,167
"J5456","tada5",122.15,121.15,167
"J5456","tada6",79,131.2,167
"J5456","tada7",121.1,120.1,167
"J5456","tada8",111.65,110.65,167
"J5456","tada9",53.3994444444444,120.866667,167
"J5456","tada10",131.5,130.5,167
"J5456","tada11",51.8666666666667,50.866667,167
"J5456","tada12",107.75,106.75,167
"J5456","tada13",111.65,110.65,167
"J5456","tada14",24.7286111111111,35.8,167
"J5472","tada1",87.9833333333333,86.9833,167
"J5472","tada2",120.9,119.9,167
"J5472","tada3",107.9,106.9,167
"J5472","tada4",113.15,112.15,167
"J5472","tada5",122.15,121.15,167
"J5472","tada6",132.2,131.2,167
"J5472","tada7",121.1,120.1,167
"J5472","tada8",111.65,110.65,167
"J5472","tada9",51.5194444444444,120.866667,167
"J5472","tada10",131.5,130.5,167
"J5472","tada11",51.8666666666667,50.866667,167
"J5472","tada12",107.75,106.75,167
"J5472","tada13",111.65,110.65,167
"J5472","tada14",36.8,35.8,167
"J5474","tada1",87.9833333333333,86.9833,167
"J5474","tada2",120.9,119.9,167
"J5474","tada3",107.9,106.9,167
"J5474","tada4",113.15,112.15,167
"J5474","tada5",122.15,121.15,167
"J5474","tada6",83.5480555555555,131.2,167
"J5474","tada7",121.1,120.1,167
"J5474","tada8",111.65,110.65,167
"J5474","tada9",121.866666666667,120.866667,167
"J5474","tada10",100.155833333333,130.5,167
"J5474","tada11",51.8666666666667,50.866667,167
"J5474","tada12",107.75,106.75,167
"J5474","tada13",111.65,110.65,167
"J5474","tada14",36.8,35.8,167
"J5475","tada1",87.9833333333333,86.9833,167
"J5475","tada2",120.9,119.9,167
"J5475","tada3",107.9,106.9,167
"J5475","tada4",113.15,112.15,167
"J5475","tada5",122.15,121.15,167
"J5475","tada6",132.2,131.2,167
"J5475","tada7",121.1,120.1,167
"J5475","tada8",111.65,110.65,167
"J5475","tada9",121.866666666667,120.866667,167
"J5475","tada10",131.5,130.5,167
"J5475","tada11",51.8666666666667,50.866667,167
"J5475","tada12",107.75,106.75,167
"J5475","tada13",111.65,110.65,167
"J5475","tada14",36.8,35.8,167
"J5477","tada1",87.9833333333333,86.9833,167
"J5477","tada2",120.9,119.9,167
"J5477","tada3",107.9,106.9,167
"J5477","tada4",113.15,112.15,167
"J5477","tada5",122.15,121.15,167
"J5477","tada6",129.365277777778,131.2,167
"J5477","tada7",121.1,120.1,167
"J5477","tada8",9.82944444444444,110.65,167
"J5477","tada9",5.84055555555556,120.866667,167
"J5477","tada10",131.5,130.5,167
"J5477","tada11",51.8666666666667,50.866667,167
"J5477","tada12",107.75,106.75,167
"J5477","tada13",111.65,110.65,167
"J5477","tada14",36.8,35.8,167
"J5495","tada1",87.9833333333333,86.9833,167
"J5495","tada2",120.9,119.9,167
"J5495","tada3",107.9,106.9,167
"J5495","tada4",113.15,112.15,167
"J5495","tada5",122.15,121.15,167
"J5495","tada6",132.2,131.2,167
"J5495","tada7",121.1,120.1,167
"J5495","tada8",111.65,110.65,167
"J5495","tada9",121.866666666667,120.866667,167
"J5495","tada10",131.5,130.5,167
"J5495","tada11",51.8666666666667,50.866667,167
"J5495","tada12",107.75,106.75,167
"J5495","tada13",111.65,110.65,167
"J5495","tada14",36.8,35.8,167
"J5497","tada1",87.9833333333333,86.9833,167
"J5497","tada2",120.9,119.9,167
"J5497","tada3",107.9,106.9,167
"J5497","tada4",113.15,112.15,167
"J5497","tada5",122.15,121.15,167
"J5497","tada6",132.2,131.2,167
"J5497","tada7",121.1,120.1,167
"J5497","tada8",111.65,110.65,167
"J5497","tada9",121.866666666667,120.866667,167
"J5497","tada10",131.5,130.5,167
"J5497","tada11",51.8666666666667,50.866667,167
"J5497","tada12",107.75,106.75,167
"J5497","tada13",111.65,110.65,167
"J5497","tada14",36.8,35.8,167
"J5498","tada1",87.9833333333333,86.9833,167
"J5498","tada2",72.9033333333333,119.9,167
"J5498","tada3",107.9,106.9,167
"J5498","tada4",113.15,112.15,167
"J5498","tada5",122.15,121.15,167
"J5498","tada6",57.5144444444444,131.2,167
"J5498","tada7",121.1,120.1,167
"J5498","tada8",11.0663888888889,110.65,167
"J5498","tada9",7.10805555555556,120.866667,167
"J5498","tada10",131.5,130.5,167
"J5498","tada11",51.8666666666667,50.866667,167
"J5498","tada12",107.75,106.75,167
"J5498","tada13",111.65,110.65,167
"J5498","tada14",24.505,35.8,167
"J5517","tada1",87.9833333333333,86.9833,167
"J5517","tada2",120.9,119.9,167
"J5517","tada3",107.9,106.9,167
"J5517","tada4",113.15,112.15,167
"J5517","tada5",122.15,121.15,167
"J5517","tada6",132.2,131.2,167
"J5517","tada7",121.1,120.1,167
"J5517","tada8",111.65,110.65,167
"J5517","tada9",121.866666666667,120.866667,167
"J5517","tada10",131.5,130.5,167
"J5517","tada11",51.8666666666667,50.866667,167
"J5517","tada12",107.75,106.75,167
"J5517","tada13",111.65,110.65,167
"J5517","tada14",36.8,35.8,167
"J5519","tada1",87.9833333333333,86.9833,167
"J5519","tada2",120.9,119.9,167
"J5519","tada3",107.9,106.9,167
"J5519","tada4",113.15,112.15,167
"J5519","tada5",122.15,121.15,167
"J5519","tada6",125.118888888889,131.2,167
"J5519","tada7",121.1,120.1,167
"J5519","tada8",111.65,110.65,167
"J5519","tada9",121.866666666667,120.866667,167
"J5519","tada10",131.5,130.5,167
"J5519","tada11",51.8666666666667,50.866667,167
"J5519","tada12",107.75,106.75,167
"J5519","tada13",111.65,110.65,167
"J5519","tada14",36.8,35.8,167
"J5559","tada1",87.9833333333333,86.9833,167
"J5559","tada2",120.9,119.9,167
"J5559","tada3",107.9,106.9,167
"J5559","tada4",113.15,112.15,167
"J5559","tada5",122.15,121.15,167
"J5559","tada6",132.2,131.2,167
"J5559","tada7",121.1,120.1,167
"J5559","tada8",111.65,110.65,167
"J5559","tada9",121.866666666667,120.866667,167
"J5559","tada10",131.5,130.5,167
"J5559","tada11",51.8666666666667,50.866667,167
"J5559","tada12",107.75,106.75,167
"J5559","tada13",111.65,110.65,167
"J5559","tada14",36.8,35.8,167
"J5564","tada1",87.9833333333333,86.9833,167
"J5564","tada2",120.9,119.9,167
"J5564","tada3",107.9,106.9,167
"J5564","tada4",113.15,112.15,167
"J5564","tada5",122.15,121.15,167
"J5564","tada6",132.2,131.2,167
"J5564","tada7",121.1,120.1,167
"J5564","tada8",111.65,110.65,167
"J5564","tada9",121.866666666667,120.866667,167
"J5564","tada10",131.5,130.5,167
"J5564","tada11",51.8666666666667,50.866667,167
"J5564","tada12",107.75,106.75,167
"J5564","tada13",111.65,110.65,167
"J5564","tada14",36.8,35.8,167
"J5566","tada1",87.9833333333333,86.9833,167
"J5566","tada2",120.9,119.9,167
"J5566","tada3",107.9,106.9,167
"J5566","tada4",113.15,112.15,167
"J5566","tada5",122.15,121.15,167
"J5566","tada6",132.2,131.2,167
"J5566","tada7",121.1,120.1,167
"J5566","tada8",111.65,110.65,167
"J5566","tada9",121.866666666667,120.866667,167
"J5566","tada10",131.5,130.5,167
"J5566","tada11",51.8666666666667,50.866667,167
"J5566","tada12",107.75,106.75,167
"J5566","tada13",111.65,110.65,167
"J5566","tada14",36.8,35.8,167
"J5568","tada1",87.9833333333333,86.9833,167
"J5568","tada2",120.9,119.9,167
"J5568","tada3",107.9,106.9,167
"J5568","tada4",113.15,112.15,167
"J5568","tada5",122.15,121.15,167
"J5568","tada6",49.6305555555556,131.2,167
"J5568","tada7",121.1,120.1,167
"J5568","tada8",111.65,110.65,167
"J5568","tada9",121.866666666667,120.866667,167
"J5568","tada10",131.5,130.5,167
"J5568","tada11",51.8666666666667,50.866667,167
"J5568","tada12",107.75,106.75,167
"J5568","tada13",111.65,110.65,167
"J5568","tada14",36.8,35.8,167
"J5570","tada1",87.9833333333333,86.9833,167
"J5570","tada2",120.9,119.9,167
"J5570","tada3",107.9,106.9,167
"J5570","tada4",113.15,112.15,167
"J5570","tada5",122.15,121.15,167
"J5570","tada6",132.2,131.2,167
"J5570","tada7",121.1,120.1,167
"J5570","tada8",111.65,110.65,167
"J5570","tada9",121.866666666667,120.866667,167
"J5570","tada10",131.5,130.5,167
"J5570","tada11",51.8666666666667,50.866667,167
"J5570","tada12",107.75,106.75,167
"J5570","tada13",111.65,110.65,167
"J5570","tada14",36.8,35.8,167
"J558","tada1",87.9833333333333,86.9833,167
"J558","tada2",120.9,119.9,167
"J558","tada3",107.9,106.9,167
"J558","tada4",113.15,112.15,167
"J558","tada5",122.15,121.15,167
"J558","tada6",132.2,131.2,167
"J558","tada7",121.1,120.1,167
"J558","tada8",111.65,110.65,167
"J558","tada9",121.866666666667,120.866667,167
"J558","tada10",131.5,130.5,167
"J558","tada11",51.8666666666667,50.866667,167
"J558","tada12",107.75,106.75,167
"J558","tada13",111.65,110.65,167
"J558","tada14",36.8,35.8,167
"J5582","tada1",87.9833333333333,86.9833,167
"J5582","tada2",120.9,119.9,167
"J5582","tada3",107.9,106.9,167
"J5582","tada4",113.15,112.15,167
"J5582","tada5",52.2747222222222,121.15,167
"J5582","tada6",122.5475,131.2,167
"J5582","tada7",28.7419444444444,120.1,167
"J5582","tada8",111.65,110.65,167
"J5582","tada9",121.866666666667,120.866667,167
"J5582","tada10",131.5,130.5,167
"J5582","tada11",51.8666666666667,50.866667,167
"J5582","tada12",107.75,106.75,167
"J5582","tada13",111.65,110.65,167
"J5582","tada14",36.8,35.8,167
"J5583","tada1",87.9833333333333,86.9833,167
"J5583","tada2",120.9,119.9,167
"J5583","tada3",107.9,106.9,167
"J5583","tada4",113.15,112.15,167
"J5583","tada5",122.15,121.15,167
"J5583","tada6",132.2,131.2,167
"J5583","tada7",121.1,120.1,167
"J5583","tada8",111.65,110.65,167
"J5583","tada9",121.866666666667,120.866667,167
"J5583","tada10",131.5,130.5,167
"J5583","tada11",51.8666666666667,50.866667,167
"J5583","tada12",107.75,106.75,167
"J5583","tada13",111.65,110.65,167
"J5583","tada14",36.8,35.8,167
"J5584","tada1",87.9833333333333,86.9833,167
"J5584","tada2",120.9,119.9,167
"J5584","tada3",107.9,106.9,167
"J5584","tada4",113.15,112.15,167
"J5584","tada5",122.15,121.15,167
"J5584","tada6",132.2,131.2,167
"J5584","tada7",121.1,120.1,167
"J5584","tada8",111.65,110.65,167
"J5584","tada9",121.866666666667,120.866667,167
"J5584","tada10",131.5,130.5,167
"J5584","tada11",51.8666666666667,50.866667,167
"J5584","tada12",107.75,106.75,167
"J5584","tada13",111.65,110.65,167
"J5584","tada14",36.8,35.8,167
"J5593","tada1",87.9833333333333,86.9833,167
"J5593","tada2",120.9,119.9,167
"J5593","tada3",107.9,106.9,167
"J5593","tada4",113.15,112.15,167
"J5593","tada5",122.15,121.15,167
"J5593","tada6",132.2,131.2,167
"J5593","tada7",121.1,120.1,167
"J5593","tada8",111.65,110.65,167
"J5593","tada9",121.866666666667,120.866667,167
"J5593","tada10",131.5,130.5,167
"J5593","tada11",51.8666666666667,50.866667,167
"J5593","tada12",107.75,106.75,167
"J5593","tada13",111.65,110.65,167
"J5593","tada14",36.8,35.8,167
"J5595","tada1",87.9833333333333,86.9833,167
"J5595","tada2",120.9,119.9,167
"J5595","tada3",107.9,106.9,167
"J5595","tada4",113.15,112.15,167
"J5595","tada5",122.15,121.15,167
"J5595","tada6",132.2,131.2,167
"J5595","tada7",121.1,120.1,167
"J5595","tada8",111.65,110.65,167
"J5595","tada9",121.866666666667,120.866667,167
"J5595","tada10",131.5,130.5,167
"J5595","tada11",51.8666666666667,50.866667,167
"J5595","tada12",107.75,106.75,167
"J5595","tada13",111.65,110.65,167
"J5595","tada14",36.8,35.8,167
"J56","tada1",87.9833333333333,86.9833,167
"J56","tada2",120.9,119.9,167
"J56","tada3",107.9,106.9,167
"J56","tada4",113.15,112.15,167
"J56","tada5",122.15,121.15,167
"J56","tada6",132.2,131.2,167
"J56","tada7",121.1,120.1,167
"J56","tada8",111.65,110.65,167
"J56","tada9",121.866666666667,120.866667,167
"J56","tada10",131.5,130.5,167
"J56","tada11",51.8666666666667,50.866667,167
"J56","tada12",107.75,106.75,167
"J56","tada13",111.65,110.65,167
"J56","tada14",25.2775,35.8,167
"J5618","tada1",87.9833333333333,86.9833,167
"J5618","tada2",120.9,119.9,167
"J5618","tada3",107.9,106.9,167
"J5618","tada4",113.15,112.15,167
"J5618","tada5",122.15,121.15,167
"J5618","tada6",132.2,131.2,167
"J5618","tada7",121.1,120.1,167
"J5618","tada8",111.65,110.65,167
"J5618","tada9",121.866666666667,120.866667,167
"J5618","tada10",131.5,130.5,167
"J5618","tada11",51.8666666666667,50.866667,167
"J5618","tada12",107.75,106.75,167
"J5618","tada13",111.65,110.65,167
"J5618","tada14",36.8,35.8,167
"J5622","tada1",87.9833333333333,86.9833,167
"J5622","tada2",120.9,119.9,167
"J5622","tada3",107.9,106.9,167
"J5622","tada4",113.15,112.15,167
"J5622","tada5",122.15,121.15,167
"J5622","tada6",132.2,131.2,167
"J5622","tada7",121.1,120.1,167
"J5622","tada8",111.65,110.65,167
"J5622","tada9",121.866666666667,120.866667,167
"J5622","tada10",131.5,130.5,167
"J5622","tada11",51.8666666666667,50.866667,167
"J5622","tada12",107.75,106.75,167
"J5622","tada13",111.65,110.65,167
"J5622","tada14",36.8,35.8,167
"J563","tada1",87.9833333333333,86.9833,167
"J563","tada2",120.9,119.9,167
"J563","tada3",107.9,106.9,167
"J563","tada4",113.15,112.15,167
"J563","tada5",122.15,121.15,167
"J563","tada6",132.2,131.2,167
"J563","tada7",121.1,120.1,167
"J563","tada8",111.65,110.65,167
"J563","tada9",121.866666666667,120.866667,167
"J563","tada10",131.5,130.5,167
"J563","tada11",51.8666666666667,50.866667,167
"J563","tada12",107.75,106.75,167
"J563","tada13",111.65,110.65,167
"J563","tada14",36.8,35.8,167
"J618","tada1",87.9833333333333,86.9833,167
"J618","tada2",120.9,119.9,167
"J618","tada3",107.9,106.9,167
"J618","tada4",113.15,112.15,167
"J618","tada5",122.15,121.15,167
"J618","tada6",132.2,131.2,167
"J618","tada7",121.1,120.1,167
"J618","tada8",111.65,110.65,167
"J618","tada9",121.866666666667,120.866667,167
"J618","tada10",131.5,130.5,167
"J618","tada11",51.8666666666667,50.866667,167
"J618","tada12",107.75,106.75,167
"J618","tada13",111.65,110.65,167
"J618","tada14",36.8,35.8,167
"J793","tada1",87.9833333333333,86.9833,167
"J793","tada2",120.9,119.9,167
"J793","tada3",107.9,106.9,167
"J793","tada4",113.15,112.15,167
"J793","tada5",122.15,121.15,167
"J793","tada6",132.2,131.2,167
"J793","tada7",121.1,120.1,167
"J793","tada8",111.65,110.65,167
"J793","tada9",121.866666666667,120.866667,167
"J793","tada10",131.5,130.5,167
"J793","tada11",51.8666666666667,50.866667,167
"J793","tada12",107.75,106.75,167
"J793","tada13",111.65,110.65,167
"J793","tada14",36.8,35.8,167
"J831","tada1",87.9833333333333,86.9833,167
"J831","tada2",120.9,119.9,167
"J831","tada3",107.9,106.9,167
"J831","tada4",113.15,112.15,167
"J831","tada5",122.15,121.15,167
"J831","tada6",85.9619444444444,131.2,167
"J831","tada7",121.1,120.1,167
"J831","tada8",111.65,110.65,167
"J831","tada9",121.866666666667,120.866667,167
"J831","tada10",26.0936111111111,130.5,167
"J831","tada11",51.8666666666667,50.866667,167
"J831","tada12",107.75,106.75,167
"J831","tada13",24.0627777777778,110.65,167
"J831","tada14",34.3688888888889,35.8,167
"J856","tada1",87.9833333333333,86.9833,167
"J856","tada2",120.9,119.9,167
"J856","tada3",107.9,106.9,167
"J856","tada4",113.15,112.15,167
"J856","tada5",122.15,121.15,167
"J856","tada6",132.2,131.2,167
"J856","tada7",121.1,120.1,167
"J856","tada8",111.65,110.65,167
"J856","tada9",121.866666666667,120.866667,167
"J856","tada10",100.673333333333,130.5,167
"J856","tada11",51.8666666666667,50.866667,167
"J856","tada12",107.75,106.75,167
"J856","tada13",111.65,110.65,167
"J856","tada14",36.8,35.8,167
"J899","tada1",87.9833333333333,86.9833,167
"J899","tada2",120.9,119.9,167
"J899","tada3",107.9,106.9,167
"J899","tada4",113.15,112.15,167
"J899","tada5",122.15,121.15,167
"J899","tada6",73.1680555555556,131.2,167
"J899","tada7",121.1,120.1,167
"J899","tada8",111.65,110.65,167
"J899","tada9",121.866666666667,120.866667,167
"J899","tada10",3.63694444444444,130.5,167
"J899","tada11",51.8666666666667,50.866667,167
"J899","tada12",107.75,106.75,167
"J899","tada13",111.65,110.65,167
"J899","tada14",36.8,35.8,167
"J933","tada1",87.9833333333333,86.9833,167
"J933","tada2",120.9,119.9,167
"J933","tada3",107.9,106.9,167
"J933","tada4",113.15,112.15,167
"J933","tada5",122.15,121.15,167
"J933","tada6",83.7538888888889,131.2,167
"J933","tada7",121.1,120.1,167
"J933","tada8",111.65,110.65,167
"J933","tada9",121.866666666667,120.866667,167
"J933","tada10",131.5,130.5,167
"J933","tada11",29.6652777777778,50.866667,167
"J933","tada12",107.75,106.75,167
"J933","tada13",111.65,110.65,167
"J933","tada14",24.7080555555556,35.8,167
"J971","tada1",87.9833333333333,86.9833,167
"J971","tada2",120.9,119.9,167
"J971","tada3",107.9,106.9,167
"J971","tada4",113.15,112.15,167
"J971","tada5",122.15,121.15,167
"J971","tada6",132.2,131.2,167
"J971","tada7",121.1,120.1,167
"J971","tada8",111.65,110.65,167
"J971","tada9",121.866666666667,120.866667,167
"J971","tada10",131.5,130.5,167
"J971","tada11",51.8666666666667,50.866667,167
"J971","tada12",107.75,106.75,167
"J971","tada13",111.65,110.65,167
"J971","tada14",36.8,35.8,167
"J990","tada1",87.9833333333333,86.9833,167
"J990","tada2",120.9,119.9,167
"J990","tada3",107.9,106.9,167
"J990","tada4",113.15,112.15,167
"J990","tada5",122.15,121.15,167
"J990","tada6",132.2,131.2,167
"J990","tada7",121.1,120.1,167
"J990","tada8",111.65,110.65,167
"J990","tada9",12.9111111111111,120.866667,167
"J990","tada10",131.5,130.5,167
"J990","tada11",51.8666666666667,50.866667,167
"J990","tada12",107.75,106.75,167
"J990","tada13",111.65,110.65,167
"J990","tada14",36.8,35.8,167
